Summary,Issue key,Issue id,Issue Type,Status,Project key,Project name,Project type,Project lead,Project lead id,Project description,Priority,Resolution,Assignee,Assignee Id,Reporter,Reporter Id,Creator,Creator Id,Created,Updated,Last Viewed,Resolved,Due date,Votes,Description,Environment,Watchers,Watchers Id,Original estimate,Remaining Estimate,Time Spent,Work Ratio,Σ Original Estimate,Σ Remaining Estimate,Σ Time Spent,Security Level,Custom field (Atlassian Project),Custom field (Development),Custom field (Issue color),Custom field (Rank),Sprint,Custom field (Start date),Custom field (Story point estimate),Custom field (Team),Custom field (Vulnerability),Parent,Parent key,Parent summary,Status Category,Status Category Changed
Agent Insights Service — agent-based analytics service layer,J2-310,11266,Task,Done,J2,June 2026,software,Akash Kumar,712020:dcf825d3-8faf-42c1-bcf6-83eca8bf1861,Your first project,Low,,Ravi Paliwal,712020:c5a8fc88-0fa8-40c7-ae48-0c346ce97909,Ravi Paliwal,712020:c5a8fc88-0fa8-40c7-ae48-0c346ce97909,Ravi Paliwal,712020:c5a8fc88-0fa8-40c7-ae48-0c346ce97909,25/Jun/26 5:30 PM,25/Jun/26 5:30 PM,,,,0,,,Ravi Paliwal,712020:c5a8fc88-0fa8-40c7-ae48-0c346ce97909,,,,,,,,,,,,0|i002fb:,,,,,,10127,J2-14,Power Platform PPM Solution,In Progress,25/Jun/26 5:30 PM
Skills Management page — catalog + resource-skill mapping CRUD,J2-309,11265,Task,Done,J2,June 2026,software,Akash Kumar,712020:dcf825d3-8faf-42c1-bcf6-83eca8bf1861,Your first project,Medium,,Ravi Paliwal,712020:c5a8fc88-0fa8-40c7-ae48-0c346ce97909,Ravi Paliwal,712020:c5a8fc88-0fa8-40c7-ae48-0c346ce97909,Ravi Paliwal,712020:c5a8fc88-0fa8-40c7-ae48-0c346ce97909,25/Jun/26 5:30 PM,25/Jun/26 5:30 PM,,,,0,,,Ravi Paliwal,712020:c5a8fc88-0fa8-40c7-ae48-0c346ce97909,,,,,,,,,,,,0|i002f3:,,,,,,10127,J2-14,Power Platform PPM Solution,In Progress,25/Jun/26 5:30 PM
"Strategic Roster page — 4 view modes, portfolio hierarchy, KPI cards",J2-308,11264,Task,Done,J2,June 2026,software,Akash Kumar,712020:dcf825d3-8faf-42c1-bcf6-83eca8bf1861,Your first project,Medium,,Ravi Paliwal,712020:c5a8fc88-0fa8-40c7-ae48-0c346ce97909,Ravi Paliwal,712020:c5a8fc88-0fa8-40c7-ae48-0c346ce97909,Ravi Paliwal,712020:c5a8fc88-0fa8-40c7-ae48-0c346ce97909,25/Jun/26 5:30 PM,25/Jun/26 5:30 PM,,,,0,,,Ravi Paliwal,712020:c5a8fc88-0fa8-40c7-ae48-0c346ce97909,,,,,,,,,,,,0|i002ev:,,,,,,10127,J2-14,Power Platform PPM Solution,In Progress,25/Jun/26 5:30 PM
Update COMPREHENSIVE_CODEBASE_AUDIT.md to reflect empty catch block and audit logging fixes,J2-307,11263,Task,Done,J2,June 2026,software,Akash Kumar,712020:dcf825d3-8faf-42c1-bcf6-83eca8bf1861,Your first project,Medium,,Ravi Paliwal,712020:c5a8fc88-0fa8-40c7-ae48-0c346ce97909,Ravi Paliwal,712020:c5a8fc88-0fa8-40c7-ae48-0c346ce97909,Ravi Paliwal,712020:c5a8fc88-0fa8-40c7-ae48-0c346ce97909,25/Jun/26 5:29 PM,25/Jun/26 5:29 PM,,,,0,,,Ravi Paliwal,712020:c5a8fc88-0fa8-40c7-ae48-0c346ce97909,,,,,,,,,,,,0|i002en:,,,,,,10127,J2-14,Power Platform PPM Solution,In Progress,25/Jun/26 5:29 PM
Fix ResponsiveContainer dimension warnings by adding minWidth props in charts,J2-306,11262,Task,Done,J2,June 2026,software,Akash Kumar,712020:dcf825d3-8faf-42c1-bcf6-83eca8bf1861,Your first project,Low,,Ravi Paliwal,712020:c5a8fc88-0fa8-40c7-ae48-0c346ce97909,Ravi Paliwal,712020:c5a8fc88-0fa8-40c7-ae48-0c346ce97909,Ravi Paliwal,712020:c5a8fc88-0fa8-40c7-ae48-0c346ce97909,25/Jun/26 5:29 PM,25/Jun/26 5:29 PM,,,,0,,,Ravi Paliwal,712020:c5a8fc88-0fa8-40c7-ae48-0c346ce97909,,,,,,,,,,,,0|i002ef:,,,,,,10127,J2-14,Power Platform PPM Solution,In Progress,25/Jun/26 5:29 PM
Remove placeholder card from configurations main navigation tab,J2-305,11261,Task,Done,J2,June 2026,software,Akash Kumar,712020:dcf825d3-8faf-42c1-bcf6-83eca8bf1861,Your first project,Low,,Ravi Paliwal,712020:c5a8fc88-0fa8-40c7-ae48-0c346ce97909,Ravi Paliwal,712020:c5a8fc88-0fa8-40c7-ae48-0c346ce97909,Ravi Paliwal,712020:c5a8fc88-0fa8-40c7-ae48-0c346ce97909,25/Jun/26 5:29 PM,25/Jun/26 5:29 PM,,,,0,,,Ravi Paliwal,712020:c5a8fc88-0fa8-40c7-ae48-0c346ce97909,,,,,,,,,,,,0|i002e7:,,,,,,10127,J2-14,Power Platform PPM Solution,In Progress,25/Jun/26 5:29 PM
Add type safety checks for budget line pm_costcategory option sets in reporting grid,J2-304,11260,Task,Done,J2,June 2026,software,Akash Kumar,712020:dcf825d3-8faf-42c1-bcf6-83eca8bf1861,Your first project,High,,Ravi Paliwal,712020:c5a8fc88-0fa8-40c7-ae48-0c346ce97909,Ravi Paliwal,712020:c5a8fc88-0fa8-40c7-ae48-0c346ce97909,Ravi Paliwal,712020:c5a8fc88-0fa8-40c7-ae48-0c346ce97909,25/Jun/26 5:29 PM,25/Jun/26 5:29 PM,,,,0,,,Ravi Paliwal,712020:c5a8fc88-0fa8-40c7-ae48-0c346ce97909,,,,,,,,,,,,0|i002dz:,,,,,,10127,J2-14,Power Platform PPM Solution,In Progress,25/Jun/26 5:29 PM
Support optional Limit to Portfolios / Programmes / Projects scope selection in reports,J2-303,11259,Task,Done,J2,June 2026,software,Akash Kumar,712020:dcf825d3-8faf-42c1-bcf6-83eca8bf1861,Your first project,Medium,,Ravi Paliwal,712020:c5a8fc88-0fa8-40c7-ae48-0c346ce97909,Ravi Paliwal,712020:c5a8fc88-0fa8-40c7-ae48-0c346ce97909,Ravi Paliwal,712020:c5a8fc88-0fa8-40c7-ae48-0c346ce97909,25/Jun/26 5:29 PM,25/Jun/26 5:29 PM,,,,0,,,Ravi Paliwal,712020:c5a8fc88-0fa8-40c7-ae48-0c346ce97909,,,,,,,,,,,,0|i002dr:,,,,,,10127,J2-14,Power Platform PPM Solution,In Progress,25/Jun/26 5:29 PM
Enhanced report config preview with dynamic Reporting Level scaling,J2-302,11258,Task,Done,J2,June 2026,software,Akash Kumar,712020:dcf825d3-8faf-42c1-bcf6-83eca8bf1861,Your first project,Medium,,Ravi Paliwal,712020:c5a8fc88-0fa8-40c7-ae48-0c346ce97909,Ravi Paliwal,712020:c5a8fc88-0fa8-40c7-ae48-0c346ce97909,Ravi Paliwal,712020:c5a8fc88-0fa8-40c7-ae48-0c346ce97909,25/Jun/26 5:29 PM,25/Jun/26 5:29 PM,,,,0,,,Ravi Paliwal,712020:c5a8fc88-0fa8-40c7-ae48-0c346ce97909,,,,,,,,,,,,0|i002dj:,,,,,,10127,J2-14,Power Platform PPM Solution,In Progress,25/Jun/26 5:29 PM
Standardize audit logging on approval & financial-report-config & workflow services (27+ writeAuditLog calls),J2-301,11257,Task,Done,J2,June 2026,software,Akash Kumar,712020:dcf825d3-8faf-42c1-bcf6-83eca8bf1861,Your first project,High,,Ravi Paliwal,712020:c5a8fc88-0fa8-40c7-ae48-0c346ce97909,Ravi Paliwal,712020:c5a8fc88-0fa8-40c7-ae48-0c346ce97909,Ravi Paliwal,712020:c5a8fc88-0fa8-40c7-ae48-0c346ce97909,25/Jun/26 5:29 PM,25/Jun/26 5:29 PM,,,,0,,,Ravi Paliwal,712020:c5a8fc88-0fa8-40c7-ae48-0c346ce97909,,,,,,,,,,,,0|i002db:,,,,,,10127,J2-14,Power Platform PPM Solution,In Progress,25/Jun/26 5:29 PM
"Fix empty catch blocks across services — 11 fixes (changelog, portfolio, project)",J2-300,11256,Task,Done,J2,June 2026,software,Akash Kumar,712020:dcf825d3-8faf-42c1-bcf6-83eca8bf1861,Your first project,High,,Ravi Paliwal,712020:c5a8fc88-0fa8-40c7-ae48-0c346ce97909,Ravi Paliwal,712020:c5a8fc88-0fa8-40c7-ae48-0c346ce97909,Ravi Paliwal,712020:c5a8fc88-0fa8-40c7-ae48-0c346ce97909,25/Jun/26 5:28 PM,25/Jun/26 5:28 PM,,,,0,,,Ravi Paliwal,712020:c5a8fc88-0fa8-40c7-ae48-0c346ce97909,,,,,,,,,,,,0|i002d3:,,,,,,10127,J2-14,Power Platform PPM Solution,In Progress,25/Jun/26 5:28 PM
Downgrade React to version 18.3.1 to resolve Fluent UI element warnings and WebPlayer crashes,J2-299,11255,Task,Done,J2,June 2026,software,Akash Kumar,712020:dcf825d3-8faf-42c1-bcf6-83eca8bf1861,Your first project,High,,Ravi Paliwal,712020:c5a8fc88-0fa8-40c7-ae48-0c346ce97909,Ravi Paliwal,712020:c5a8fc88-0fa8-40c7-ae48-0c346ce97909,Ravi Paliwal,712020:c5a8fc88-0fa8-40c7-ae48-0c346ce97909,25/Jun/26 5:28 PM,25/Jun/26 5:28 PM,,,,0,,,Ravi Paliwal,712020:c5a8fc88-0fa8-40c7-ae48-0c346ce97909,,,,,,,,,,,,0|i002cv:,,,,,,10127,J2-14,Power Platform PPM Solution,In Progress,25/Jun/26 5:28 PM
Budget page Excel import integration using ExcelImportDialog,J2-298,11254,Task,Done,J2,June 2026,software,Akash Kumar,712020:dcf825d3-8faf-42c1-bcf6-83eca8bf1861,Your first project,Medium,,Ravi Paliwal,712020:c5a8fc88-0fa8-40c7-ae48-0c346ce97909,Ravi Paliwal,712020:c5a8fc88-0fa8-40c7-ae48-0c346ce97909,Ravi Paliwal,712020:c5a8fc88-0fa8-40c7-ae48-0c346ce97909,25/Jun/26 5:28 PM,25/Jun/26 5:28 PM,,,,0,,,Ravi Paliwal,712020:c5a8fc88-0fa8-40c7-ae48-0c346ce97909,,,,,,,,,,,,0|i002cn:,,,,,,10127,J2-14,Power Platform PPM Solution,In Progress,25/Jun/26 5:28 PM
ExcelImportDialog — reusable Excel drag-and-drop import with column mapping and validation,J2-297,11253,Task,Done,J2,June 2026,software,Akash Kumar,712020:dcf825d3-8faf-42c1-bcf6-83eca8bf1861,Your first project,Medium,,Ravi Paliwal,712020:c5a8fc88-0fa8-40c7-ae48-0c346ce97909,Ravi Paliwal,712020:c5a8fc88-0fa8-40c7-ae48-0c346ce97909,Ravi Paliwal,712020:c5a8fc88-0fa8-40c7-ae48-0c346ce97909,25/Jun/26 5:28 PM,25/Jun/26 5:28 PM,,,,0,,,Ravi Paliwal,712020:c5a8fc88-0fa8-40c7-ae48-0c346ce97909,,,,,,,,,,,,0|i002cf:,,,,,,10127,J2-14,Power Platform PPM Solution,In Progress,25/Jun/26 5:28 PM
Financial Reports Viewer (FinancialReportsPage) — standalone report browsing with KPIs and grids,J2-296,11252,Task,Done,J2,June 2026,software,Akash Kumar,712020:dcf825d3-8faf-42c1-bcf6-83eca8bf1861,Your first project,High,,Ravi Paliwal,712020:c5a8fc88-0fa8-40c7-ae48-0c346ce97909,Ravi Paliwal,712020:c5a8fc88-0fa8-40c7-ae48-0c346ce97909,Ravi Paliwal,712020:c5a8fc88-0fa8-40c7-ae48-0c346ce97909,25/Jun/26 5:28 PM,25/Jun/26 5:28 PM,,,,0,,,Ravi Paliwal,712020:c5a8fc88-0fa8-40c7-ae48-0c346ce97909,,,,,,,,,,,,0|i002c7:,,,,,,10127,J2-14,Power Platform PPM Solution,In Progress,25/Jun/26 5:28 PM
Configurable Financial Reports Builder (ReportConfigsPage) — visual chart/group-by/category builder,J2-295,11251,Task,Done,J2,June 2026,software,Akash Kumar,712020:dcf825d3-8faf-42c1-bcf6-83eca8bf1861,Your first project,High,,Ravi Paliwal,712020:c5a8fc88-0fa8-40c7-ae48-0c346ce97909,Ravi Paliwal,712020:c5a8fc88-0fa8-40c7-ae48-0c346ce97909,Ravi Paliwal,712020:c5a8fc88-0fa8-40c7-ae48-0c346ce97909,25/Jun/26 5:28 PM,25/Jun/26 5:28 PM,,,,0,,,Ravi Paliwal,712020:c5a8fc88-0fa8-40c7-ae48-0c346ce97909,,,,,,,,,,,,0|i002bz:,,,,,,10127,J2-14,Power Platform PPM Solution,In Progress,25/Jun/26 5:28 PM
Fix ResponsiveContainer dimension warnings by adding minWidth props in charts,J2-294,11250,Task,Done,J2,June 2026,software,Akash Kumar,712020:dcf825d3-8faf-42c1-bcf6-83eca8bf1861,Your first project,Low,,Ravi Paliwal,712020:c5a8fc88-0fa8-40c7-ae48-0c346ce97909,Ravi Paliwal,712020:c5a8fc88-0fa8-40c7-ae48-0c346ce97909,Ravi Paliwal,712020:c5a8fc88-0fa8-40c7-ae48-0c346ce97909,25/Jun/26 1:04 PM,25/Jun/26 1:04 PM,,,,0,,,Ravi Paliwal,712020:c5a8fc88-0fa8-40c7-ae48-0c346ce97909,,,,,,,,,,,,0|i002br:,,,,,,10127,J2-14,Power Platform PPM Solution,In Progress,25/Jun/26 1:04 PM
Remove placeholder card from configurations main navigation tab,J2-293,11249,Task,Done,J2,June 2026,software,Akash Kumar,712020:dcf825d3-8faf-42c1-bcf6-83eca8bf1861,Your first project,Low,,Ravi Paliwal,712020:c5a8fc88-0fa8-40c7-ae48-0c346ce97909,Ravi Paliwal,712020:c5a8fc88-0fa8-40c7-ae48-0c346ce97909,Ravi Paliwal,712020:c5a8fc88-0fa8-40c7-ae48-0c346ce97909,25/Jun/26 1:04 PM,25/Jun/26 1:04 PM,,,,0,,,Ravi Paliwal,712020:c5a8fc88-0fa8-40c7-ae48-0c346ce97909,,,,,,,,,,,,0|i002bj:,,,,,,10127,J2-14,Power Platform PPM Solution,In Progress,25/Jun/26 1:04 PM
Add type safety checks for budget line pm_costcategory option sets in reporting grid,J2-292,11248,Task,Done,J2,June 2026,software,Akash Kumar,712020:dcf825d3-8faf-42c1-bcf6-83eca8bf1861,Your first project,High,,Ravi Paliwal,712020:c5a8fc88-0fa8-40c7-ae48-0c346ce97909,Ravi Paliwal,712020:c5a8fc88-0fa8-40c7-ae48-0c346ce97909,Ravi Paliwal,712020:c5a8fc88-0fa8-40c7-ae48-0c346ce97909,25/Jun/26 1:04 PM,25/Jun/26 1:04 PM,,,,0,,,Ravi Paliwal,712020:c5a8fc88-0fa8-40c7-ae48-0c346ce97909,,,,,,,,,,,,0|i002bb:,,,,,,10127,J2-14,Power Platform PPM Solution,In Progress,25/Jun/26 1:04 PM
Support optional Limit to Portfolios / Programmes / Projects scope selection,J2-291,11247,Task,Done,J2,June 2026,software,Akash Kumar,712020:dcf825d3-8faf-42c1-bcf6-83eca8bf1861,Your first project,Medium,,Ravi Paliwal,712020:c5a8fc88-0fa8-40c7-ae48-0c346ce97909,Ravi Paliwal,712020:c5a8fc88-0fa8-40c7-ae48-0c346ce97909,Ravi Paliwal,712020:c5a8fc88-0fa8-40c7-ae48-0c346ce97909,25/Jun/26 1:04 PM,25/Jun/26 1:04 PM,,,,0,,,Ravi Paliwal,712020:c5a8fc88-0fa8-40c7-ae48-0c346ce97909,,,,,,,,,,,,0|i002b3:,,,,,,10127,J2-14,Power Platform PPM Solution,In Progress,25/Jun/26 1:04 PM
Enhanced report config configurations preview with dynamic Reporting Level scaling,J2-290,11246,Task,Done,J2,June 2026,software,Akash Kumar,712020:dcf825d3-8faf-42c1-bcf6-83eca8bf1861,Your first project,Medium,,Ravi Paliwal,712020:c5a8fc88-0fa8-40c7-ae48-0c346ce97909,Ravi Paliwal,712020:c5a8fc88-0fa8-40c7-ae48-0c346ce97909,Ravi Paliwal,712020:c5a8fc88-0fa8-40c7-ae48-0c346ce97909,25/Jun/26 1:04 PM,25/Jun/26 1:04 PM,,,,0,,,Ravi Paliwal,712020:c5a8fc88-0fa8-40c7-ae48-0c346ce97909,,,,,,,,,,,,0|i002av:,,,,,,10127,J2-14,Power Platform PPM Solution,In Progress,25/Jun/26 1:04 PM
Downgrade React to version 18.3.1 to resolve Fluent UI element warnings,J2-289,11245,Task,Done,J2,June 2026,software,Akash Kumar,712020:dcf825d3-8faf-42c1-bcf6-83eca8bf1861,Your first project,High,,Ravi Paliwal,712020:c5a8fc88-0fa8-40c7-ae48-0c346ce97909,Ravi Paliwal,712020:c5a8fc88-0fa8-40c7-ae48-0c346ce97909,Ravi Paliwal,712020:c5a8fc88-0fa8-40c7-ae48-0c346ce97909,25/Jun/26 1:04 PM,25/Jun/26 1:04 PM,,,,0,,,Ravi Paliwal,712020:c5a8fc88-0fa8-40c7-ae48-0c346ce97909,,,,,,,,,,,,0|i002an:,,,,,,10127,J2-14,Power Platform PPM Solution,In Progress,25/Jun/26 1:04 PM
Fix ResponsiveContainer dimension warnings by adding minWidth props in charts,J2-288,11244,Task,Done,J2,June 2026,software,Akash Kumar,712020:dcf825d3-8faf-42c1-bcf6-83eca8bf1861,Your first project,Low,,Ravi Paliwal,712020:c5a8fc88-0fa8-40c7-ae48-0c346ce97909,Ravi Paliwal,712020:c5a8fc88-0fa8-40c7-ae48-0c346ce97909,Ravi Paliwal,712020:c5a8fc88-0fa8-40c7-ae48-0c346ce97909,25/Jun/26 1:00 PM,25/Jun/26 1:00 PM,,,,0,,,Ravi Paliwal,712020:c5a8fc88-0fa8-40c7-ae48-0c346ce97909,,,,,,,,,,,,0|i002af:,,,,,,10127,J2-14,Power Platform PPM Solution,In Progress,25/Jun/26 1:00 PM
Remove placeholder card from configurations main navigation tab,J2-287,11243,Task,Done,J2,June 2026,software,Akash Kumar,712020:dcf825d3-8faf-42c1-bcf6-83eca8bf1861,Your first project,Low,,Ravi Paliwal,712020:c5a8fc88-0fa8-40c7-ae48-0c346ce97909,Ravi Paliwal,712020:c5a8fc88-0fa8-40c7-ae48-0c346ce97909,Ravi Paliwal,712020:c5a8fc88-0fa8-40c7-ae48-0c346ce97909,25/Jun/26 1:00 PM,25/Jun/26 1:00 PM,,,,0,,,Ravi Paliwal,712020:c5a8fc88-0fa8-40c7-ae48-0c346ce97909,,,,,,,,,,,,0|i002a7:,,,,,,10127,J2-14,Power Platform PPM Solution,In Progress,25/Jun/26 1:00 PM
Add type safety checks for budget line pm_costcategory option sets in reporting grid,J2-286,11242,Task,Done,J2,June 2026,software,Akash Kumar,712020:dcf825d3-8faf-42c1-bcf6-83eca8bf1861,Your first project,High,,Ravi Paliwal,712020:c5a8fc88-0fa8-40c7-ae48-0c346ce97909,Ravi Paliwal,712020:c5a8fc88-0fa8-40c7-ae48-0c346ce97909,Ravi Paliwal,712020:c5a8fc88-0fa8-40c7-ae48-0c346ce97909,25/Jun/26 1:00 PM,25/Jun/26 1:00 PM,,,,0,,,Ravi Paliwal,712020:c5a8fc88-0fa8-40c7-ae48-0c346ce97909,,,,,,,,,,,,0|i0029z:,,,,,,10127,J2-14,Power Platform PPM Solution,In Progress,25/Jun/26 1:00 PM
Support optional Limit to Portfolios / Programmes / Projects scope selection,J2-285,11241,Task,Done,J2,June 2026,software,Akash Kumar,712020:dcf825d3-8faf-42c1-bcf6-83eca8bf1861,Your first project,Medium,,Ravi Paliwal,712020:c5a8fc88-0fa8-40c7-ae48-0c346ce97909,Ravi Paliwal,712020:c5a8fc88-0fa8-40c7-ae48-0c346ce97909,Ravi Paliwal,712020:c5a8fc88-0fa8-40c7-ae48-0c346ce97909,25/Jun/26 1:00 PM,25/Jun/26 1:00 PM,,,,0,,,Ravi Paliwal,712020:c5a8fc88-0fa8-40c7-ae48-0c346ce97909,,,,,,,,,,,,0|i0029r:,,,,,,10127,J2-14,Power Platform PPM Solution,In Progress,25/Jun/26 1:00 PM
Enhanced report config configurations preview with dynamic Reporting Level scaling,J2-284,11240,Task,Done,J2,June 2026,software,Akash Kumar,712020:dcf825d3-8faf-42c1-bcf6-83eca8bf1861,Your first project,Medium,,Ravi Paliwal,712020:c5a8fc88-0fa8-40c7-ae48-0c346ce97909,Ravi Paliwal,712020:c5a8fc88-0fa8-40c7-ae48-0c346ce97909,Ravi Paliwal,712020:c5a8fc88-0fa8-40c7-ae48-0c346ce97909,25/Jun/26 1:00 PM,25/Jun/26 1:00 PM,,,,0,,,Ravi Paliwal,712020:c5a8fc88-0fa8-40c7-ae48-0c346ce97909,,,,,,,,,,,,0|i0029j:,,,,,,10127,J2-14,Power Platform PPM Solution,In Progress,25/Jun/26 1:00 PM
Downgrade React to version 18.3.1 to resolve Fluent UI element warnings,J2-283,11239,Task,Done,J2,June 2026,software,Akash Kumar,712020:dcf825d3-8faf-42c1-bcf6-83eca8bf1861,Your first project,High,,Ravi Paliwal,712020:c5a8fc88-0fa8-40c7-ae48-0c346ce97909,Ravi Paliwal,712020:c5a8fc88-0fa8-40c7-ae48-0c346ce97909,Ravi Paliwal,712020:c5a8fc88-0fa8-40c7-ae48-0c346ce97909,25/Jun/26 12:59 PM,25/Jun/26 12:59 PM,,,,0,,,Ravi Paliwal,712020:c5a8fc88-0fa8-40c7-ae48-0c346ce97909,,,,,,,,,,,,0|i0029b:,,,,,,10127,J2-14,Power Platform PPM Solution,In Progress,25/Jun/26 12:59 PM
"Bug Fix: Build errors — syntax fix in ChangeRequestsPage dialog onClose, missing entriesCount prop in TimesheetStatusControls",J2-282,11206,Task,Done,J2,June 2026,software,Akash Kumar,712020:dcf825d3-8faf-42c1-bcf6-83eca8bf1861,Your first project,High,,Ravi Paliwal,712020:c5a8fc88-0fa8-40c7-ae48-0c346ce97909,Ravi Paliwal,712020:c5a8fc88-0fa8-40c7-ae48-0c346ce97909,Ravi Paliwal,712020:c5a8fc88-0fa8-40c7-ae48-0c346ce97909,24/Jun/26 5:15 PM,25/Jun/26 12:55 PM,,,,0,,,Ravi Paliwal,712020:c5a8fc88-0fa8-40c7-ae48-0c346ce97909,,,,,,,,,,,,0|i00293:,,,,,,10127,J2-14,Power Platform PPM Solution,In Progress,24/Jun/26 5:15 PM
Refactor: Extract duplicated file upload logic into shared uploadSelectedFiles useCallback helper,J2-281,11205,Task,Done,J2,June 2026,software,Akash Kumar,712020:dcf825d3-8faf-42c1-bcf6-83eca8bf1861,Your first project,Low,,Ravi Paliwal,712020:c5a8fc88-0fa8-40c7-ae48-0c346ce97909,Ravi Paliwal,712020:c5a8fc88-0fa8-40c7-ae48-0c346ce97909,Ravi Paliwal,712020:c5a8fc88-0fa8-40c7-ae48-0c346ce97909,24/Jun/26 5:15 PM,25/Jun/26 12:55 PM,,,,0,,,Ravi Paliwal,712020:c5a8fc88-0fa8-40c7-ae48-0c346ce97909,,,,,,,,,,,,0|i0028v:,,,,,,10127,J2-14,Power Platform PPM Solution,In Progress,24/Jun/26 5:15 PM
"Change Request: Add post-submission confirmation dialog (floating success icon, reference, change type tags, workflow notice)",J2-280,11204,Task,Done,J2,June 2026,software,Akash Kumar,712020:dcf825d3-8faf-42c1-bcf6-83eca8bf1861,Your first project,Medium,,Ravi Paliwal,712020:c5a8fc88-0fa8-40c7-ae48-0c346ce97909,Ravi Paliwal,712020:c5a8fc88-0fa8-40c7-ae48-0c346ce97909,Ravi Paliwal,712020:c5a8fc88-0fa8-40c7-ae48-0c346ce97909,24/Jun/26 5:15 PM,25/Jun/26 12:55 PM,,,,0,,,Ravi Paliwal,712020:c5a8fc88-0fa8-40c7-ae48-0c346ce97909,,,,,,,,,,,,0|i0028n:,,,,,,10127,J2-14,Power Platform PPM Solution,In Progress,24/Jun/26 5:15 PM
"Change Request: Remove Approval (WorkflowMilestone) tab from detail drawer, clean up unused import",J2-279,11203,Task,Done,J2,June 2026,software,Akash Kumar,712020:dcf825d3-8faf-42c1-bcf6-83eca8bf1861,Your first project,Low,,Ravi Paliwal,712020:c5a8fc88-0fa8-40c7-ae48-0c346ce97909,Ravi Paliwal,712020:c5a8fc88-0fa8-40c7-ae48-0c346ce97909,Ravi Paliwal,712020:c5a8fc88-0fa8-40c7-ae48-0c346ce97909,24/Jun/26 5:15 PM,25/Jun/26 12:55 PM,,,,0,,,Ravi Paliwal,712020:c5a8fc88-0fa8-40c7-ae48-0c346ce97909,,,,,,,,,,,,0|i0028f:,,,,,,10127,J2-14,Power Platform PPM Solution,In Progress,24/Jun/26 5:15 PM
"Change Request: File upload capability in create/edit form dialog (drag-drop zone, file chips, auto-upload on save)",J2-278,11202,Task,Done,J2,June 2026,software,Akash Kumar,712020:dcf825d3-8faf-42c1-bcf6-83eca8bf1861,Your first project,Medium,,Ravi Paliwal,712020:c5a8fc88-0fa8-40c7-ae48-0c346ce97909,Ravi Paliwal,712020:c5a8fc88-0fa8-40c7-ae48-0c346ce97909,Ravi Paliwal,712020:c5a8fc88-0fa8-40c7-ae48-0c346ce97909,24/Jun/26 5:15 PM,25/Jun/26 12:55 PM,,,,0,,,Ravi Paliwal,712020:c5a8fc88-0fa8-40c7-ae48-0c346ce97909,,,,,,,,,,,,0|i00287:,,,,,,10127,J2-14,Power Platform PPM Solution,In Progress,24/Jun/26 5:15 PM
"Change Request: Auto-submit for approval on creation, remove manual Submit button, hide edit/delete when Under Review",J2-277,11201,Task,Done,J2,June 2026,software,Akash Kumar,712020:dcf825d3-8faf-42c1-bcf6-83eca8bf1861,Your first project,Medium,,Ravi Paliwal,712020:c5a8fc88-0fa8-40c7-ae48-0c346ce97909,Ravi Paliwal,712020:c5a8fc88-0fa8-40c7-ae48-0c346ce97909,Ravi Paliwal,712020:c5a8fc88-0fa8-40c7-ae48-0c346ce97909,24/Jun/26 5:15 PM,25/Jun/26 12:55 PM,,,,0,,,Ravi Paliwal,712020:c5a8fc88-0fa8-40c7-ae48-0c346ce97909,,,,,,,,,,,,0|i0027z:,,,,,,10127,J2-14,Power Platform PPM Solution,In Progress,24/Jun/26 5:15 PM
Change Request: Add EntityDocumentsTab (document attachments) to detail drawer,J2-276,11200,Task,Done,J2,June 2026,software,Akash Kumar,712020:dcf825d3-8faf-42c1-bcf6-83eca8bf1861,Your first project,Medium,,Ravi Paliwal,712020:c5a8fc88-0fa8-40c7-ae48-0c346ce97909,Ravi Paliwal,712020:c5a8fc88-0fa8-40c7-ae48-0c346ce97909,Ravi Paliwal,712020:c5a8fc88-0fa8-40c7-ae48-0c346ce97909,24/Jun/26 5:15 PM,25/Jun/26 12:56 PM,,,,0,,,Ravi Paliwal,712020:c5a8fc88-0fa8-40c7-ae48-0c346ce97909,,,,,,,,,,,,0|i0027r:,,,,,,10127,J2-14,Power Platform PPM Solution,In Progress,24/Jun/26 5:15 PM
"Change Request: Enhanced approval task modal with project/programme context, baseline badge, benefits impact, decision maker capture",J2-275,11199,Task,Done,J2,June 2026,software,Akash Kumar,712020:dcf825d3-8faf-42c1-bcf6-83eca8bf1861,Your first project,Medium,,Ravi Paliwal,712020:c5a8fc88-0fa8-40c7-ae48-0c346ce97909,Ravi Paliwal,712020:c5a8fc88-0fa8-40c7-ae48-0c346ce97909,Ravi Paliwal,712020:c5a8fc88-0fa8-40c7-ae48-0c346ce97909,24/Jun/26 5:15 PM,25/Jun/26 12:56 PM,,,,0,,,Ravi Paliwal,712020:c5a8fc88-0fa8-40c7-ae48-0c346ce97909,,,,,,,,,,,,0|i0027j:,,,,,,10127,J2-14,Power Platform PPM Solution,In Progress,24/Jun/26 5:15 PM
"Change Request: Add 'Rejected' status (3) to models, labels, colors, KPI cards & filter options",J2-274,11198,Task,Done,J2,June 2026,software,Akash Kumar,712020:dcf825d3-8faf-42c1-bcf6-83eca8bf1861,Your first project,Medium,,Ravi Paliwal,712020:c5a8fc88-0fa8-40c7-ae48-0c346ce97909,Ravi Paliwal,712020:c5a8fc88-0fa8-40c7-ae48-0c346ce97909,Ravi Paliwal,712020:c5a8fc88-0fa8-40c7-ae48-0c346ce97909,24/Jun/26 5:15 PM,25/Jun/26 12:56 PM,,,,0,,,Ravi Paliwal,712020:c5a8fc88-0fa8-40c7-ae48-0c346ce97909,,,,,,,,,,,,0|i0027b:,,,,,,10127,J2-14,Power Platform PPM Solution,In Progress,24/Jun/26 5:15 PM
Bug Fix: fetchPendingApprovalRequests pm_portfolioname query error (Removed non-existent field from $select),J2-273,11197,Task,Done,J2,June 2026,software,Akash Kumar,712020:dcf825d3-8faf-42c1-bcf6-83eca8bf1861,Your first project,High,,Ravi Paliwal,712020:c5a8fc88-0fa8-40c7-ae48-0c346ce97909,Ravi Paliwal,712020:c5a8fc88-0fa8-40c7-ae48-0c346ce97909,Ravi Paliwal,712020:c5a8fc88-0fa8-40c7-ae48-0c346ce97909,24/Jun/26 5:15 PM,25/Jun/26 12:56 PM,,,,0,,,Ravi Paliwal,712020:c5a8fc88-0fa8-40c7-ae48-0c346ce97909,,,,,,,,,,,,0|i00273:,,,,,,10127,J2-14,Power Platform PPM Solution,In Progress,24/Jun/26 5:15 PM
Bug Fix: Timesheet entry update Entity Reference error (Converted _pm_project_value/_pm_projecttask_value to @odata.bind navigation properties),J2-272,11196,Task,Done,J2,June 2026,software,Akash Kumar,712020:dcf825d3-8faf-42c1-bcf6-83eca8bf1861,Your first project,High,,Ravi Paliwal,712020:c5a8fc88-0fa8-40c7-ae48-0c346ce97909,Ravi Paliwal,712020:c5a8fc88-0fa8-40c7-ae48-0c346ce97909,Ravi Paliwal,712020:c5a8fc88-0fa8-40c7-ae48-0c346ce97909,24/Jun/26 5:15 PM,25/Jun/26 12:56 PM,,,,0,,,Ravi Paliwal,712020:c5a8fc88-0fa8-40c7-ae48-0c346ce97909,,,,,,,,,,,,0|i0026v:,,,,,,10127,J2-14,Power Platform PPM Solution,In Progress,24/Jun/26 5:15 PM
WCAG 2.1 AA Accessibility — No accessibility implementation,J2-271,11163,Task,To Do,J2,June 2026,software,Akash Kumar,712020:dcf825d3-8faf-42c1-bcf6-83eca8bf1861,Your first project,High,,Ravi Paliwal,712020:c5a8fc88-0fa8-40c7-ae48-0c346ce97909,Ravi Paliwal,712020:c5a8fc88-0fa8-40c7-ae48-0c346ce97909,Ravi Paliwal,712020:c5a8fc88-0fa8-40c7-ae48-0c346ce97909,24/Jun/26 12:45 PM,24/Jun/26 12:45 PM,,,,0,,,Ravi Paliwal,712020:c5a8fc88-0fa8-40c7-ae48-0c346ce97909,,,,,,,,,,,,0|i0026n:,,,,,,10127,J2-14,Power Platform PPM Solution,To Do,24/Jun/26 12:45 PM
API-level RBAC — Add $filter based on user persona in service calls,J2-270,11162,Task,To Do,J2,June 2026,software,Akash Kumar,712020:dcf825d3-8faf-42c1-bcf6-83eca8bf1861,Your first project,High,,Suvigya Kumawat,712020:24640fe3-bd21-4cc6-9692-4770d9b78aae,Ravi Paliwal,712020:c5a8fc88-0fa8-40c7-ae48-0c346ce97909,Ravi Paliwal,712020:c5a8fc88-0fa8-40c7-ae48-0c346ce97909,24/Jun/26 12:45 PM,24/Jun/26 12:45 PM,,,,0,,,Ravi Paliwal,712020:c5a8fc88-0fa8-40c7-ae48-0c346ce97909,,,,,,,,,,,,0|i0026f:,,,,,,10127,J2-14,Power Platform PPM Solution,To Do,24/Jun/26 12:45 PM
Column-level security — Hide financial fields from unauthorized personas,J2-269,11161,Task,Done,J2,June 2026,software,Akash Kumar,712020:dcf825d3-8faf-42c1-bcf6-83eca8bf1861,Your first project,Medium,,Suvigya Kumawat,712020:24640fe3-bd21-4cc6-9692-4770d9b78aae,Ravi Paliwal,712020:c5a8fc88-0fa8-40c7-ae48-0c346ce97909,Ravi Paliwal,712020:c5a8fc88-0fa8-40c7-ae48-0c346ce97909,24/Jun/26 12:45 PM,24/Jun/26 12:45 PM,,,,0,,,Ravi Paliwal,712020:c5a8fc88-0fa8-40c7-ae48-0c346ce97909,,,,,,,,,,,,0|i00267:,,,,,,10127,J2-14,Power Platform PPM Solution,In Progress,24/Jun/26 12:45 PM
"Row-level data filtering — expand to Resources, Projects, Timesheets, Risks, Tasks",J2-268,11160,Task,To Do,J2,June 2026,software,Akash Kumar,712020:dcf825d3-8faf-42c1-bcf6-83eca8bf1861,Your first project,High,,Ravi Paliwal,712020:c5a8fc88-0fa8-40c7-ae48-0c346ce97909,Ravi Paliwal,712020:c5a8fc88-0fa8-40c7-ae48-0c346ce97909,Ravi Paliwal,712020:c5a8fc88-0fa8-40c7-ae48-0c346ce97909,24/Jun/26 12:45 PM,24/Jun/26 12:45 PM,,,,0,,,Ravi Paliwal,712020:c5a8fc88-0fa8-40c7-ae48-0c346ce97909,,,,,,,,,,,,0|i0025z:,,,,,,10127,J2-14,Power Platform PPM Solution,To Do,24/Jun/26 12:45 PM
Add unit/integration/E2E tests — Zero tests currently,J2-267,11159,Task,To Do,J2,June 2026,software,Akash Kumar,712020:dcf825d3-8faf-42c1-bcf6-83eca8bf1861,Your first project,High,,Ravi Paliwal,712020:c5a8fc88-0fa8-40c7-ae48-0c346ce97909,Ravi Paliwal,712020:c5a8fc88-0fa8-40c7-ae48-0c346ce97909,Ravi Paliwal,712020:c5a8fc88-0fa8-40c7-ae48-0c346ce97909,24/Jun/26 12:45 PM,24/Jun/26 12:45 PM,,,,0,,,Ravi Paliwal,712020:c5a8fc88-0fa8-40c7-ae48-0c346ce97909,,,,,,,,,,,,0|i0025r:,,,,,,10127,J2-14,Power Platform PPM Solution,To Do,24/Jun/26 12:45 PM
"Fix 1389 ESLint errors — pervasive any types, empty catch blocks, React hook violations",J2-266,11158,Task,To Do,J2,June 2026,software,Akash Kumar,712020:dcf825d3-8faf-42c1-bcf6-83eca8bf1861,Your first project,Medium,,Suvigya Kumawat,712020:24640fe3-bd21-4cc6-9692-4770d9b78aae,Ravi Paliwal,712020:c5a8fc88-0fa8-40c7-ae48-0c346ce97909,Ravi Paliwal,712020:c5a8fc88-0fa8-40c7-ae48-0c346ce97909,24/Jun/26 12:45 PM,24/Jun/26 12:45 PM,,,,0,,,Ravi Paliwal,712020:c5a8fc88-0fa8-40c7-ae48-0c346ce97909,,,,,,,,,,,,0|i0025j:,,,,,,10127,J2-14,Power Platform PPM Solution,To Do,24/Jun/26 12:45 PM
"Bug Fix: Silent error swallowing in services (Added console.error logs and error propagation to all 25+ services, H9)",J2-265,11157,Task,Done,J2,June 2026,software,Akash Kumar,712020:dcf825d3-8faf-42c1-bcf6-83eca8bf1861,Your first project,High,,Ravi Paliwal,712020:c5a8fc88-0fa8-40c7-ae48-0c346ce97909,Ravi Paliwal,712020:c5a8fc88-0fa8-40c7-ae48-0c346ce97909,Ravi Paliwal,712020:c5a8fc88-0fa8-40c7-ae48-0c346ce97909,24/Jun/26 12:45 PM,25/Jun/26 12:56 PM,,,,0,,,Ravi Paliwal,712020:c5a8fc88-0fa8-40c7-ae48-0c346ce97909,,,,,,,,,,,,0|i0025b:,,,,,,10127,J2-14,Power Platform PPM Solution,In Progress,24/Jun/26 12:45 PM
"Bug Fix: useDataGrid React hook violation (Stable memoization of search fields and filter functions, H8)",J2-264,11156,Task,Done,J2,June 2026,software,Akash Kumar,712020:dcf825d3-8faf-42c1-bcf6-83eca8bf1861,Your first project,Medium,,Ravi Paliwal,712020:c5a8fc88-0fa8-40c7-ae48-0c346ce97909,Ravi Paliwal,712020:c5a8fc88-0fa8-40c7-ae48-0c346ce97909,Ravi Paliwal,712020:c5a8fc88-0fa8-40c7-ae48-0c346ce97909,24/Jun/26 12:45 PM,25/Jun/26 12:56 PM,,,,0,,,Ravi Paliwal,712020:c5a8fc88-0fa8-40c7-ae48-0c346ce97909,,,,,,,,,,,,0|i00253:,,,,,,10127,J2-14,Power Platform PPM Solution,In Progress,24/Jun/26 12:45 PM
"Bug Fix: New timesheet creation period validation, resource selection enforcement, and future limit checks",J2-263,11155,Task,Done,J2,June 2026,software,Akash Kumar,712020:dcf825d3-8faf-42c1-bcf6-83eca8bf1861,Your first project,High,,Ravi Paliwal,712020:c5a8fc88-0fa8-40c7-ae48-0c346ce97909,Ravi Paliwal,712020:c5a8fc88-0fa8-40c7-ae48-0c346ce97909,Ravi Paliwal,712020:c5a8fc88-0fa8-40c7-ae48-0c346ce97909,24/Jun/26 12:45 PM,25/Jun/26 12:56 PM,,,,0,,,Ravi Paliwal,712020:c5a8fc88-0fa8-40c7-ae48-0c346ce97909,,,,,,,,,,,,0|i0024v:,,,,,,10127,J2-14,Power Platform PPM Solution,In Progress,24/Jun/26 12:45 PM
Bug Fix: Timesheet Submitted By / Approved By fields mapping and column selection in service,J2-262,11154,Task,Done,J2,June 2026,software,Akash Kumar,712020:dcf825d3-8faf-42c1-bcf6-83eca8bf1861,Your first project,Medium,,Ravi Paliwal,712020:c5a8fc88-0fa8-40c7-ae48-0c346ce97909,Ravi Paliwal,712020:c5a8fc88-0fa8-40c7-ae48-0c346ce97909,Ravi Paliwal,712020:c5a8fc88-0fa8-40c7-ae48-0c346ce97909,24/Jun/26 12:45 PM,25/Jun/26 12:56 PM,,,,0,,,Ravi Paliwal,712020:c5a8fc88-0fa8-40c7-ae48-0c346ce97909,,,,,,,,,,,,0|i0024n:,,,,,,10127,J2-14,Power Platform PPM Solution,In Progress,24/Jun/26 12:45 PM
Bug Fix: Timesheet grid hours race condition (Returned computed totals from recalculate endpoint to state),J2-261,11153,Task,Done,J2,June 2026,software,Akash Kumar,712020:dcf825d3-8faf-42c1-bcf6-83eca8bf1861,Your first project,High,,Ravi Paliwal,712020:c5a8fc88-0fa8-40c7-ae48-0c346ce97909,Ravi Paliwal,712020:c5a8fc88-0fa8-40c7-ae48-0c346ce97909,Ravi Paliwal,712020:c5a8fc88-0fa8-40c7-ae48-0c346ce97909,24/Jun/26 12:45 PM,25/Jun/26 12:56 PM,,,,0,,,Ravi Paliwal,712020:c5a8fc88-0fa8-40c7-ae48-0c346ce97909,,,,,,,,,,,,0|i0024f:,,,,,,10127,J2-14,Power Platform PPM Solution,In Progress,24/Jun/26 12:45 PM
Bug Fix: Resource allocation availability calculation and warnings overlap logic in Dialog,J2-260,11152,Task,Done,J2,June 2026,software,Akash Kumar,712020:dcf825d3-8faf-42c1-bcf6-83eca8bf1861,Your first project,High,,Ravi Paliwal,712020:c5a8fc88-0fa8-40c7-ae48-0c346ce97909,Ravi Paliwal,712020:c5a8fc88-0fa8-40c7-ae48-0c346ce97909,Ravi Paliwal,712020:c5a8fc88-0fa8-40c7-ae48-0c346ce97909,24/Jun/26 12:45 PM,25/Jun/26 12:56 PM,,,,0,,,Ravi Paliwal,712020:c5a8fc88-0fa8-40c7-ae48-0c346ce97909,,,,,,,,,,,,0|i00247:,,,,,,10127,J2-14,Power Platform PPM Solution,In Progress,24/Jun/26 12:45 PM
Bug Fix: Programme budget child project rollup aggregation correction,J2-259,11151,Task,Done,J2,June 2026,software,Akash Kumar,712020:dcf825d3-8faf-42c1-bcf6-83eca8bf1861,Your first project,Medium,,Ravi Paliwal,712020:c5a8fc88-0fa8-40c7-ae48-0c346ce97909,Ravi Paliwal,712020:c5a8fc88-0fa8-40c7-ae48-0c346ce97909,Ravi Paliwal,712020:c5a8fc88-0fa8-40c7-ae48-0c346ce97909,24/Jun/26 12:45 PM,25/Jun/26 12:56 PM,,,,0,,,Ravi Paliwal,712020:c5a8fc88-0fa8-40c7-ae48-0c346ce97909,,,,,,,,,,,,0|i0023z:,,,,,,10127,J2-14,Power Platform PPM Solution,In Progress,24/Jun/26 12:45 PM
Bug Fix: Status Snapshot create ODataException (Formatted ownerid using systemusers bind path format),J2-258,11150,Task,Done,J2,June 2026,software,Akash Kumar,712020:dcf825d3-8faf-42c1-bcf6-83eca8bf1861,Your first project,High,,Ravi Paliwal,712020:c5a8fc88-0fa8-40c7-ae48-0c346ce97909,Ravi Paliwal,712020:c5a8fc88-0fa8-40c7-ae48-0c346ce97909,Ravi Paliwal,712020:c5a8fc88-0fa8-40c7-ae48-0c346ce97909,24/Jun/26 12:45 PM,25/Jun/26 12:56 PM,,,,0,,,Ravi Paliwal,712020:c5a8fc88-0fa8-40c7-ae48-0c346ce97909,,,,,,,,,,,,0|i0023r:,,,,,,10127,J2-14,Power Platform PPM Solution,In Progress,24/Jun/26 12:45 PM
Bug Fix: Status Snapshot grid silent loading (Removed non-existent fields from OData select query),J2-257,11149,Task,Done,J2,June 2026,software,Akash Kumar,712020:dcf825d3-8faf-42c1-bcf6-83eca8bf1861,Your first project,High,,Ravi Paliwal,712020:c5a8fc88-0fa8-40c7-ae48-0c346ce97909,Ravi Paliwal,712020:c5a8fc88-0fa8-40c7-ae48-0c346ce97909,Ravi Paliwal,712020:c5a8fc88-0fa8-40c7-ae48-0c346ce97909,24/Jun/26 12:45 PM,25/Jun/26 12:56 PM,,,,0,,,Ravi Paliwal,712020:c5a8fc88-0fa8-40c7-ae48-0c346ce97909,,,,,,,,,,,,0|i0023j:,,,,,,10127,J2-14,Power Platform PPM Solution,In Progress,24/Jun/26 12:45 PM
Bug Fix: Financial Review Task empty view (Resolved entity type to fetch project initiative data instead of gate review),J2-256,11148,Task,Done,J2,June 2026,software,Akash Kumar,712020:dcf825d3-8faf-42c1-bcf6-83eca8bf1861,Your first project,High,,Ravi Paliwal,712020:c5a8fc88-0fa8-40c7-ae48-0c346ce97909,Ravi Paliwal,712020:c5a8fc88-0fa8-40c7-ae48-0c346ce97909,Ravi Paliwal,712020:c5a8fc88-0fa8-40c7-ae48-0c346ce97909,24/Jun/26 12:45 PM,25/Jun/26 12:56 PM,,,,0,,,Ravi Paliwal,712020:c5a8fc88-0fa8-40c7-ae48-0c346ce97909,,,,,,,,,,,,0|i0023b:,,,,,,10127,J2-14,Power Platform PPM Solution,In Progress,24/Jun/26 12:45 PM
Bug Fix: Tab Switch Flash (Maintained loading state until UserContext resolves completely),J2-255,11147,Task,Done,J2,June 2026,software,Akash Kumar,712020:dcf825d3-8faf-42c1-bcf6-83eca8bf1861,Your first project,Medium,,Ravi Paliwal,712020:c5a8fc88-0fa8-40c7-ae48-0c346ce97909,Ravi Paliwal,712020:c5a8fc88-0fa8-40c7-ae48-0c346ce97909,Ravi Paliwal,712020:c5a8fc88-0fa8-40c7-ae48-0c346ce97909,24/Jun/26 12:45 PM,25/Jun/26 12:56 PM,,,,0,,,Ravi Paliwal,712020:c5a8fc88-0fa8-40c7-ae48-0c346ce97909,,,,,,,,,,,,0|i00233:,,,,,,10127,J2-14,Power Platform PPM Solution,In Progress,24/Jun/26 12:45 PM
Bug Fix: Tasks Visibility Glitch (Matched both userId GUID and username string against assignee names),J2-254,11146,Task,Done,J2,June 2026,software,Akash Kumar,712020:dcf825d3-8faf-42c1-bcf6-83eca8bf1861,Your first project,High,,Ravi Paliwal,712020:c5a8fc88-0fa8-40c7-ae48-0c346ce97909,Ravi Paliwal,712020:c5a8fc88-0fa8-40c7-ae48-0c346ce97909,Ravi Paliwal,712020:c5a8fc88-0fa8-40c7-ae48-0c346ce97909,24/Jun/26 12:45 PM,25/Jun/26 12:56 PM,,,,0,,,Ravi Paliwal,712020:c5a8fc88-0fa8-40c7-ae48-0c346ce97909,,,,,,,,,,,,0|i0022v:,,,,,,10127,J2-14,Power Platform PPM Solution,In Progress,24/Jun/26 12:45 PM
Bug Fix: Task List Refresh Failure (Dispatched FORM_DIALOG_DECISION_EVENT to trigger parent reload),J2-253,11145,Task,Done,J2,June 2026,software,Akash Kumar,712020:dcf825d3-8faf-42c1-bcf6-83eca8bf1861,Your first project,High,,Ravi Paliwal,712020:c5a8fc88-0fa8-40c7-ae48-0c346ce97909,Ravi Paliwal,712020:c5a8fc88-0fa8-40c7-ae48-0c346ce97909,Ravi Paliwal,712020:c5a8fc88-0fa8-40c7-ae48-0c346ce97909,24/Jun/26 12:45 PM,25/Jun/26 12:57 PM,,,,0,,,Ravi Paliwal,712020:c5a8fc88-0fa8-40c7-ae48-0c346ce97909,,,,,,,,,,,,0|i0022n:,,,,,,10127,J2-14,Power Platform PPM Solution,In Progress,24/Jun/26 12:45 PM
Bug Fix: Timesheet Approval Status Reverting to Draft (Corrected status option set values),J2-252,11144,Task,Done,J2,June 2026,software,Akash Kumar,712020:dcf825d3-8faf-42c1-bcf6-83eca8bf1861,Your first project,High,,Ravi Paliwal,712020:c5a8fc88-0fa8-40c7-ae48-0c346ce97909,Ravi Paliwal,712020:c5a8fc88-0fa8-40c7-ae48-0c346ce97909,Ravi Paliwal,712020:c5a8fc88-0fa8-40c7-ae48-0c346ce97909,24/Jun/26 12:45 PM,25/Jun/26 12:57 PM,,,,0,,,Ravi Paliwal,712020:c5a8fc88-0fa8-40c7-ae48-0c346ce97909,,,,,,,,,,,,0|i0022f:,,,,,,10127,J2-14,Power Platform PPM Solution,In Progress,24/Jun/26 12:45 PM
Agent Insights Service — Automated analytics insight generation service layer,J2-251,11143,Task,Done,J2,June 2026,software,Akash Kumar,712020:dcf825d3-8faf-42c1-bcf6-83eca8bf1861,Your first project,Low,,Ravi Paliwal,712020:c5a8fc88-0fa8-40c7-ae48-0c346ce97909,Ravi Paliwal,712020:c5a8fc88-0fa8-40c7-ae48-0c346ce97909,Ravi Paliwal,712020:c5a8fc88-0fa8-40c7-ae48-0c346ce97909,24/Jun/26 12:45 PM,25/Jun/26 12:57 PM,,,,0,,,Ravi Paliwal,712020:c5a8fc88-0fa8-40c7-ae48-0c346ce97909,,,,,,,,,,,,0|i00227:,,,,,,10127,J2-14,Power Platform PPM Solution,In Progress,24/Jun/26 12:45 PM
"Configurations Tile Navigation — Navigation tiles routing to Teams, Skills, Holidays, Resources, and Workflows",J2-250,11142,Task,Done,J2,June 2026,software,Akash Kumar,712020:dcf825d3-8faf-42c1-bcf6-83eca8bf1861,Your first project,Medium,,Ravi Paliwal,712020:c5a8fc88-0fa8-40c7-ae48-0c346ce97909,Ravi Paliwal,712020:c5a8fc88-0fa8-40c7-ae48-0c346ce97909,Ravi Paliwal,712020:c5a8fc88-0fa8-40c7-ae48-0c346ce97909,24/Jun/26 12:44 PM,25/Jun/26 12:57 PM,,,,0,,,Ravi Paliwal,712020:c5a8fc88-0fa8-40c7-ae48-0c346ce97909,,,,,,,,,,,,0|i0021z:,,,,,,10127,J2-14,Power Platform PPM Solution,In Progress,24/Jun/26 12:44 PM
"Holidays Management — CRUD operations, seed dialog, calendar view, details panel, table search/filter",J2-249,11141,Task,Done,J2,June 2026,software,Akash Kumar,712020:dcf825d3-8faf-42c1-bcf6-83eca8bf1861,Your first project,Medium,,Ravi Paliwal,712020:c5a8fc88-0fa8-40c7-ae48-0c346ce97909,Ravi Paliwal,712020:c5a8fc88-0fa8-40c7-ae48-0c346ce97909,Ravi Paliwal,712020:c5a8fc88-0fa8-40c7-ae48-0c346ce97909,24/Jun/26 12:44 PM,25/Jun/26 12:57 PM,,,,0,,,Ravi Paliwal,712020:c5a8fc88-0fa8-40c7-ae48-0c346ce97909,,,,,,,,,,,,0|i0021r:,,,,,,10127,J2-14,Power Platform PPM Solution,In Progress,24/Jun/26 12:44 PM
"Custom Hooks — useAuthorization, useDataGrid, useDataverseAsync, useDataverseCrud",J2-248,11140,Task,Done,J2,June 2026,software,Akash Kumar,712020:dcf825d3-8faf-42c1-bcf6-83eca8bf1861,Your first project,Medium,,Suvigya Kumawat,712020:24640fe3-bd21-4cc6-9692-4770d9b78aae,Ravi Paliwal,712020:c5a8fc88-0fa8-40c7-ae48-0c346ce97909,Ravi Paliwal,712020:c5a8fc88-0fa8-40c7-ae48-0c346ce97909,24/Jun/26 12:44 PM,25/Jun/26 12:57 PM,,,,0,,,Ravi Paliwal,712020:c5a8fc88-0fa8-40c7-ae48-0c346ce97909,,,,,,,,,,,,0|i0021j:,,,,,,10127,J2-14,Power Platform PPM Solution,In Progress,24/Jun/26 12:44 PM
"Common Component Library — 34 reusable components (DataverseTable, DetailDrawer, etc.)",J2-247,11139,Task,Done,J2,June 2026,software,Akash Kumar,712020:dcf825d3-8faf-42c1-bcf6-83eca8bf1861,Your first project,Medium,,Suvigya Kumawat,712020:24640fe3-bd21-4cc6-9692-4770d9b78aae,Ravi Paliwal,712020:c5a8fc88-0fa8-40c7-ae48-0c346ce97909,Ravi Paliwal,712020:c5a8fc88-0fa8-40c7-ae48-0c346ce97909,24/Jun/26 12:44 PM,25/Jun/26 12:57 PM,,,,0,,,Ravi Paliwal,712020:c5a8fc88-0fa8-40c7-ae48-0c346ce97909,,,,,,,,,,,,0|i0021b:,,,,,,10127,J2-14,Power Platform PPM Solution,In Progress,24/Jun/26 12:44 PM
"Changelog Service — Audit logging with session ID from Xrm context, entity-level change tracking",J2-246,11138,Task,Done,J2,June 2026,software,Akash Kumar,712020:dcf825d3-8faf-42c1-bcf6-83eca8bf1861,Your first project,Medium,,Ravi Paliwal,712020:c5a8fc88-0fa8-40c7-ae48-0c346ce97909,Ravi Paliwal,712020:c5a8fc88-0fa8-40c7-ae48-0c346ce97909,Ravi Paliwal,712020:c5a8fc88-0fa8-40c7-ae48-0c346ce97909,24/Jun/26 12:44 PM,25/Jun/26 12:57 PM,,,,0,,,Ravi Paliwal,712020:c5a8fc88-0fa8-40c7-ae48-0c346ce97909,,,,,,,,,,,,0|i00213:,,,,,,10127,J2-14,Power Platform PPM Solution,In Progress,24/Jun/26 12:44 PM
Audit Trail / Activity Log — changelog.service.ts writes audit entries on all CRUD operations,J2-245,11137,Task,Done,J2,June 2026,software,Akash Kumar,712020:dcf825d3-8faf-42c1-bcf6-83eca8bf1861,Your first project,High,,Ravi Paliwal,712020:c5a8fc88-0fa8-40c7-ae48-0c346ce97909,Ravi Paliwal,712020:c5a8fc88-0fa8-40c7-ae48-0c346ce97909,Ravi Paliwal,712020:c5a8fc88-0fa8-40c7-ae48-0c346ce97909,24/Jun/26 12:44 PM,25/Jun/26 12:57 PM,,,,0,,,Ravi Paliwal,712020:c5a8fc88-0fa8-40c7-ae48-0c346ce97909,,,,,,,,,,,,0|i0020v:,,,,,,10127,J2-14,Power Platform PPM Solution,In Progress,24/Jun/26 12:44 PM
Financial Layout Customization — Move totals cards to budget lines grid footer row,J2-244,11136,Task,Done,J2,June 2026,software,Akash Kumar,712020:dcf825d3-8faf-42c1-bcf6-83eca8bf1861,Your first project,Medium,,Ravi Paliwal,712020:c5a8fc88-0fa8-40c7-ae48-0c346ce97909,Ravi Paliwal,712020:c5a8fc88-0fa8-40c7-ae48-0c346ce97909,Ravi Paliwal,712020:c5a8fc88-0fa8-40c7-ae48-0c346ce97909,24/Jun/26 12:44 PM,25/Jun/26 12:57 PM,,,,0,,,Ravi Paliwal,712020:c5a8fc88-0fa8-40c7-ae48-0c346ce97909,,,,,,,,,,,,0|i0020n:,,,,,,10127,J2-14,Power Platform PPM Solution,In Progress,24/Jun/26 12:44 PM
"EVM Financial KPIs — Implement EV, CPI, EAC, CV metrics in financials tab",J2-243,11135,Task,Done,J2,June 2026,software,Akash Kumar,712020:dcf825d3-8faf-42c1-bcf6-83eca8bf1861,Your first project,High,,Ravi Paliwal,712020:c5a8fc88-0fa8-40c7-ae48-0c346ce97909,Ravi Paliwal,712020:c5a8fc88-0fa8-40c7-ae48-0c346ce97909,Ravi Paliwal,712020:c5a8fc88-0fa8-40c7-ae48-0c346ce97909,24/Jun/26 12:44 PM,25/Jun/26 12:57 PM,,,,0,,,Ravi Paliwal,712020:c5a8fc88-0fa8-40c7-ae48-0c346ce97909,,,,,,,,,,,,0|i0020f:,,,,,,10127,J2-14,Power Platform PPM Solution,In Progress,24/Jun/26 12:44 PM
"Financial KPI Dashboard — Budget vs actual, cashflow projections, funding utilization",J2-242,11134,Task,Done,J2,June 2026,software,Akash Kumar,712020:dcf825d3-8faf-42c1-bcf6-83eca8bf1861,Your first project,Medium,,Ravi Paliwal,712020:c5a8fc88-0fa8-40c7-ae48-0c346ce97909,Ravi Paliwal,712020:c5a8fc88-0fa8-40c7-ae48-0c346ce97909,Ravi Paliwal,712020:c5a8fc88-0fa8-40c7-ae48-0c346ce97909,24/Jun/26 12:44 PM,25/Jun/26 12:57 PM,,,,0,,,Ravi Paliwal,712020:c5a8fc88-0fa8-40c7-ae48-0c346ce97909,,,,,,,,,,,,0|i00207:,,,,,,10127,J2-14,Power Platform PPM Solution,In Progress,24/Jun/26 12:44 PM
"Financial Rollup Engine — Portfolio-level budget aggregation, programme budget consolidation",J2-241,11133,Task,Done,J2,June 2026,software,Akash Kumar,712020:dcf825d3-8faf-42c1-bcf6-83eca8bf1861,Your first project,High,,Ravi Paliwal,712020:c5a8fc88-0fa8-40c7-ae48-0c346ce97909,Ravi Paliwal,712020:c5a8fc88-0fa8-40c7-ae48-0c346ce97909,Ravi Paliwal,712020:c5a8fc88-0fa8-40c7-ae48-0c346ce97909,24/Jun/26 12:44 PM,25/Jun/26 12:57 PM,,,,0,,,Ravi Paliwal,712020:c5a8fc88-0fa8-40c7-ae48-0c346ce97909,,,,,,,,,,,,0|i001zz:,,,,,,10127,J2-14,Power Platform PPM Solution,In Progress,24/Jun/26 12:44 PM
"Document Upload & Management — Document CRUD, binary upload, EntityDocumentsTab",J2-240,11132,Task,Done,J2,June 2026,software,Akash Kumar,712020:dcf825d3-8faf-42c1-bcf6-83eca8bf1861,Your first project,Medium,,Suvigya Kumawat,712020:24640fe3-bd21-4cc6-9692-4770d9b78aae,Ravi Paliwal,712020:c5a8fc88-0fa8-40c7-ae48-0c346ce97909,Ravi Paliwal,712020:c5a8fc88-0fa8-40c7-ae48-0c346ce97909,24/Jun/26 12:44 PM,25/Jun/26 12:57 PM,,,,0,,,Ravi Paliwal,712020:c5a8fc88-0fa8-40c7-ae48-0c346ce97909,,,,,,,,,,,,0|i001zr:,,,,,,10127,J2-14,Power Platform PPM Solution,In Progress,24/Jun/26 12:44 PM
"Calendar View — Integrated calendar display with Outlook events, local event creation",J2-239,11131,Task,Done,J2,June 2026,software,Akash Kumar,712020:dcf825d3-8faf-42c1-bcf6-83eca8bf1861,Your first project,Medium,,Suvigya Kumawat,712020:24640fe3-bd21-4cc6-9692-4770d9b78aae,Ravi Paliwal,712020:c5a8fc88-0fa8-40c7-ae48-0c346ce97909,Ravi Paliwal,712020:c5a8fc88-0fa8-40c7-ae48-0c346ce97909,24/Jun/26 12:44 PM,25/Jun/26 12:57 PM,,,,0,,,Ravi Paliwal,712020:c5a8fc88-0fa8-40c7-ae48-0c346ce97909,,,,,,,,,,,,0|i001zj:,,,,,,10127,J2-14,Power Platform PPM Solution,In Progress,24/Jun/26 12:44 PM
Outlook Calendar Integration — CreateOutlookEventService + GetOutlookEventsService,J2-238,11130,Task,Done,J2,June 2026,software,Akash Kumar,712020:dcf825d3-8faf-42c1-bcf6-83eca8bf1861,Your first project,Medium,,Suvigya Kumawat,712020:24640fe3-bd21-4cc6-9692-4770d9b78aae,Ravi Paliwal,712020:c5a8fc88-0fa8-40c7-ae48-0c346ce97909,Ravi Paliwal,712020:c5a8fc88-0fa8-40c7-ae48-0c346ce97909,24/Jun/26 12:44 PM,25/Jun/26 12:57 PM,,,,0,,,Ravi Paliwal,712020:c5a8fc88-0fa8-40c7-ae48-0c346ce97909,,,,,,,,,,,,0|i001zb:,,,,,,10127,J2-14,Power Platform PPM Solution,In Progress,24/Jun/26 12:44 PM
"Approval Workflow Engine — Multi-step approval flows, 17 task modals, FORM_DIALOG_DECISION_EVENT",J2-237,11129,Task,Done,J2,June 2026,software,Akash Kumar,712020:dcf825d3-8faf-42c1-bcf6-83eca8bf1861,Your first project,High,,Suvigya Kumawat,712020:24640fe3-bd21-4cc6-9692-4770d9b78aae,Ravi Paliwal,712020:c5a8fc88-0fa8-40c7-ae48-0c346ce97909,Ravi Paliwal,712020:c5a8fc88-0fa8-40c7-ae48-0c346ce97909,24/Jun/26 12:44 PM,25/Jun/26 12:57 PM,,,,0,,,Ravi Paliwal,712020:c5a8fc88-0fa8-40c7-ae48-0c346ce97909,,,,,,,,,,,,0|i001z3:,,,,,,10127,J2-14,Power Platform PPM Solution,In Progress,24/Jun/26 12:44 PM
"User Selector — Avatar chip + popover with user switching, persona display, active indicator",J2-236,11128,Task,Done,J2,June 2026,software,Akash Kumar,712020:dcf825d3-8faf-42c1-bcf6-83eca8bf1861,Your first project,Medium,,Ravi Paliwal,712020:c5a8fc88-0fa8-40c7-ae48-0c346ce97909,Ravi Paliwal,712020:c5a8fc88-0fa8-40c7-ae48-0c346ce97909,Ravi Paliwal,712020:c5a8fc88-0fa8-40c7-ae48-0c346ce97909,24/Jun/26 12:44 PM,25/Jun/26 12:57 PM,,,,0,,,Ravi Paliwal,712020:c5a8fc88-0fa8-40c7-ae48-0c346ce97909,,,,,,,,,,,,0|i001yv:,,,,,,10127,J2-14,Power Platform PPM Solution,In Progress,24/Jun/26 12:44 PM
"User Context & Role Resolution — Fetches users, teams, memberships; resolves personas",J2-235,11127,Task,Done,J2,June 2026,software,Akash Kumar,712020:dcf825d3-8faf-42c1-bcf6-83eca8bf1861,Your first project,High,,Ravi Paliwal,712020:c5a8fc88-0fa8-40c7-ae48-0c346ce97909,Ravi Paliwal,712020:c5a8fc88-0fa8-40c7-ae48-0c346ce97909,Ravi Paliwal,712020:c5a8fc88-0fa8-40c7-ae48-0c346ce97909,24/Jun/26 12:44 PM,25/Jun/26 12:57 PM,,,,0,,,Ravi Paliwal,712020:c5a8fc88-0fa8-40c7-ae48-0c346ce97909,,,,,,,,,,,,0|i001yn:,,,,,,10127,J2-14,Power Platform PPM Solution,In Progress,24/Jun/26 12:44 PM
Route Guard — Tab-level access validation in PrimaryShell + deep-link URL protection,J2-234,11126,Task,Done,J2,June 2026,software,Akash Kumar,712020:dcf825d3-8faf-42c1-bcf6-83eca8bf1861,Your first project,High,,Ravi Paliwal,712020:c5a8fc88-0fa8-40c7-ae48-0c346ce97909,Ravi Paliwal,712020:c5a8fc88-0fa8-40c7-ae48-0c346ce97909,Ravi Paliwal,712020:c5a8fc88-0fa8-40c7-ae48-0c346ce97909,24/Jun/26 12:44 PM,25/Jun/26 12:57 PM,,,,0,,,Ravi Paliwal,712020:c5a8fc88-0fa8-40c7-ae48-0c346ce97909,,,,,,,,,,,,0|i001yf:,,,,,,10127,J2-14,Power Platform PPM Solution,In Progress,24/Jun/26 12:44 PM
CRUD Permission Matrix — Per-module per-action persona-based access control,J2-233,11125,Task,Done,J2,June 2026,software,Akash Kumar,712020:dcf825d3-8faf-42c1-bcf6-83eca8bf1861,Your first project,High,,Ravi Paliwal,712020:c5a8fc88-0fa8-40c7-ae48-0c346ce97909,Ravi Paliwal,712020:c5a8fc88-0fa8-40c7-ae48-0c346ce97909,Ravi Paliwal,712020:c5a8fc88-0fa8-40c7-ae48-0c346ce97909,24/Jun/26 12:44 PM,25/Jun/26 12:57 PM,,,,0,,,Ravi Paliwal,712020:c5a8fc88-0fa8-40c7-ae48-0c346ce97909,,,,,,,,,,,,0|i001y7:,,,,,,10127,J2-14,Power Platform PPM Solution,In Progress,24/Jun/26 12:44 PM
"Persona Resolution System — 7 personas: keyword matching against job title, team names, security roles",J2-232,11124,Task,Done,J2,June 2026,software,Akash Kumar,712020:dcf825d3-8faf-42c1-bcf6-83eca8bf1861,Your first project,High,,Ravi Paliwal,712020:c5a8fc88-0fa8-40c7-ae48-0c346ce97909,Ravi Paliwal,712020:c5a8fc88-0fa8-40c7-ae48-0c346ce97909,Ravi Paliwal,712020:c5a8fc88-0fa8-40c7-ae48-0c346ce97909,24/Jun/26 12:43 PM,25/Jun/26 12:58 PM,,,,0,,,Ravi Paliwal,712020:c5a8fc88-0fa8-40c7-ae48-0c346ce97909,,,,,,,,,,,,0|i001xz:,,,,,,10127,J2-14,Power Platform PPM Solution,In Progress,24/Jun/26 12:44 PM
Workflow Tasks — Read-only approval step tasks view,J2-231,11123,Task,Done,J2,June 2026,software,Akash Kumar,712020:dcf825d3-8faf-42c1-bcf6-83eca8bf1861,Your first project,Medium,,Ravi Paliwal,712020:c5a8fc88-0fa8-40c7-ae48-0c346ce97909,Ravi Paliwal,712020:c5a8fc88-0fa8-40c7-ae48-0c346ce97909,Ravi Paliwal,712020:c5a8fc88-0fa8-40c7-ae48-0c346ce97909,24/Jun/26 12:43 PM,25/Jun/26 12:58 PM,,,,0,,,Ravi Paliwal,712020:c5a8fc88-0fa8-40c7-ae48-0c346ce97909,,,,,,,,,,,,0|i001xr:,,,,,,10127,J2-14,Power Platform PPM Solution,In Progress,24/Jun/26 12:43 PM
Funding Source Management — CRUD,J2-230,11122,Task,Done,J2,June 2026,software,Akash Kumar,712020:dcf825d3-8faf-42c1-bcf6-83eca8bf1861,Your first project,Medium,,Ravi Paliwal,712020:c5a8fc88-0fa8-40c7-ae48-0c346ce97909,Ravi Paliwal,712020:c5a8fc88-0fa8-40c7-ae48-0c346ce97909,Ravi Paliwal,712020:c5a8fc88-0fa8-40c7-ae48-0c346ce97909,24/Jun/26 12:43 PM,25/Jun/26 12:58 PM,,,,0,,,Ravi Paliwal,712020:c5a8fc88-0fa8-40c7-ae48-0c346ce97909,,,,,,,,,,,,0|i001xj:,,,,,,10127,J2-14,Power Platform PPM Solution,In Progress,24/Jun/26 12:43 PM
Cashflow Management — CRUD + financial calendar entries,J2-229,11121,Task,Done,J2,June 2026,software,Akash Kumar,712020:dcf825d3-8faf-42c1-bcf6-83eca8bf1861,Your first project,Medium,,Ravi Paliwal,712020:c5a8fc88-0fa8-40c7-ae48-0c346ce97909,Ravi Paliwal,712020:c5a8fc88-0fa8-40c7-ae48-0c346ce97909,Ravi Paliwal,712020:c5a8fc88-0fa8-40c7-ae48-0c346ce97909,24/Jun/26 12:43 PM,25/Jun/26 12:58 PM,,,,0,,,Ravi Paliwal,712020:c5a8fc88-0fa8-40c7-ae48-0c346ce97909,,,,,,,,,,,,0|i001xb:,,,,,,10127,J2-14,Power Platform PPM Solution,In Progress,24/Jun/26 12:43 PM
Issue Management — CRUD + owner-based row-level filtering,J2-228,11120,Task,Done,J2,June 2026,software,Akash Kumar,712020:dcf825d3-8faf-42c1-bcf6-83eca8bf1861,Your first project,High,,Ravi Paliwal,712020:c5a8fc88-0fa8-40c7-ae48-0c346ce97909,Ravi Paliwal,712020:c5a8fc88-0fa8-40c7-ae48-0c346ce97909,Ravi Paliwal,712020:c5a8fc88-0fa8-40c7-ae48-0c346ce97909,24/Jun/26 12:43 PM,25/Jun/26 12:58 PM,,,,0,,,Ravi Paliwal,712020:c5a8fc88-0fa8-40c7-ae48-0c346ce97909,,,,,,,,,,,,0|i001x3:,,,,,,10127,J2-14,Power Platform PPM Solution,In Progress,24/Jun/26 12:43 PM
Risk Management — CRUD + risk assessment + mitigation actions,J2-227,11119,Task,Done,J2,June 2026,software,Akash Kumar,712020:dcf825d3-8faf-42c1-bcf6-83eca8bf1861,Your first project,High,,Ravi Paliwal,712020:c5a8fc88-0fa8-40c7-ae48-0c346ce97909,Ravi Paliwal,712020:c5a8fc88-0fa8-40c7-ae48-0c346ce97909,Ravi Paliwal,712020:c5a8fc88-0fa8-40c7-ae48-0c346ce97909,24/Jun/26 12:43 PM,25/Jun/26 12:58 PM,,,,0,,,Ravi Paliwal,712020:c5a8fc88-0fa8-40c7-ae48-0c346ce97909,,,,,,,,,,,,0|i001wv:,,,,,,10127,J2-14,Power Platform PPM Solution,In Progress,24/Jun/26 12:43 PM
Budget Line Management — CRUD + funding source linkage,J2-226,11118,Task,Done,J2,June 2026,software,Akash Kumar,712020:dcf825d3-8faf-42c1-bcf6-83eca8bf1861,Your first project,High,,Ravi Paliwal,712020:c5a8fc88-0fa8-40c7-ae48-0c346ce97909,Ravi Paliwal,712020:c5a8fc88-0fa8-40c7-ae48-0c346ce97909,Ravi Paliwal,712020:c5a8fc88-0fa8-40c7-ae48-0c346ce97909,24/Jun/26 12:43 PM,25/Jun/26 12:58 PM,,,,0,,,Ravi Paliwal,712020:c5a8fc88-0fa8-40c7-ae48-0c346ce97909,,,,,,,,,,,,0|i001wn:,,,,,,10127,J2-14,Power Platform PPM Solution,In Progress,24/Jun/26 12:43 PM
Timesheet Recording & Approval — Entry-based timesheets + status workflow + overlap validation,J2-225,11117,Task,Done,J2,June 2026,software,Akash Kumar,712020:dcf825d3-8faf-42c1-bcf6-83eca8bf1861,Your first project,High,,Ravi Paliwal,712020:c5a8fc88-0fa8-40c7-ae48-0c346ce97909,Ravi Paliwal,712020:c5a8fc88-0fa8-40c7-ae48-0c346ce97909,Ravi Paliwal,712020:c5a8fc88-0fa8-40c7-ae48-0c346ce97909,24/Jun/26 12:43 PM,25/Jun/26 12:58 PM,,,,0,,,Ravi Paliwal,712020:c5a8fc88-0fa8-40c7-ae48-0c346ce97909,,,,,,,,,,,,0|i001wf:,,,,,,10127,J2-14,Power Platform PPM Solution,In Progress,24/Jun/26 12:43 PM
Strategic Roster — Headcount planning / strategic workforce visualization,J2-224,11116,Task,Done,J2,June 2026,software,Akash Kumar,712020:dcf825d3-8faf-42c1-bcf6-83eca8bf1861,Your first project,Medium,,Suvigya Kumawat,712020:24640fe3-bd21-4cc6-9692-4770d9b78aae,Ravi Paliwal,712020:c5a8fc88-0fa8-40c7-ae48-0c346ce97909,Ravi Paliwal,712020:c5a8fc88-0fa8-40c7-ae48-0c346ce97909,24/Jun/26 12:43 PM,25/Jun/26 12:58 PM,,,,0,,,Ravi Paliwal,712020:c5a8fc88-0fa8-40c7-ae48-0c346ce97909,,,,,,,,,,,,0|i001w7:,,,,,,10127,J2-14,Power Platform PPM Solution,In Progress,24/Jun/26 12:43 PM
Status Snapshots — 13-period RAG status reporting with snapshots,J2-223,11115,Task,Done,J2,June 2026,software,Akash Kumar,712020:dcf825d3-8faf-42c1-bcf6-83eca8bf1861,Your first project,Medium,,Suvigya Kumawat,712020:24640fe3-bd21-4cc6-9692-4770d9b78aae,Ravi Paliwal,712020:c5a8fc88-0fa8-40c7-ae48-0c346ce97909,Ravi Paliwal,712020:c5a8fc88-0fa8-40c7-ae48-0c346ce97909,24/Jun/26 12:43 PM,25/Jun/26 12:58 PM,,,,0,,,Ravi Paliwal,712020:c5a8fc88-0fa8-40c7-ae48-0c346ce97909,,,,,,,,,,,,0|i001vz:,,,,,,10127,J2-14,Power Platform PPM Solution,In Progress,24/Jun/26 12:43 PM
"Workflow Engine — Step templates, routing rules, Power Automate triggers",J2-222,11114,Task,Done,J2,June 2026,software,Akash Kumar,712020:dcf825d3-8faf-42c1-bcf6-83eca8bf1861,Your first project,High,,Suvigya Kumawat,712020:24640fe3-bd21-4cc6-9692-4770d9b78aae,Ravi Paliwal,712020:c5a8fc88-0fa8-40c7-ae48-0c346ce97909,Ravi Paliwal,712020:c5a8fc88-0fa8-40c7-ae48-0c346ce97909,24/Jun/26 12:43 PM,25/Jun/26 12:58 PM,,,,0,,,Ravi Paliwal,712020:c5a8fc88-0fa8-40c7-ae48-0c346ce97909,,,,,,,,,,,,0|i001vr:,,,,,,10127,J2-14,Power Platform PPM Solution,In Progress,24/Jun/26 12:43 PM
Skills Management — CRUD + resource skill mapping,J2-221,11113,Task,Done,J2,June 2026,software,Akash Kumar,712020:dcf825d3-8faf-42c1-bcf6-83eca8bf1861,Your first project,Medium,,Suvigya Kumawat,712020:24640fe3-bd21-4cc6-9692-4770d9b78aae,Ravi Paliwal,712020:c5a8fc88-0fa8-40c7-ae48-0c346ce97909,Ravi Paliwal,712020:c5a8fc88-0fa8-40c7-ae48-0c346ce97909,24/Jun/26 12:43 PM,25/Jun/26 12:58 PM,,,,0,,,Ravi Paliwal,712020:c5a8fc88-0fa8-40c7-ae48-0c346ce97909,,,,,,,,,,,,0|i001vj:,,,,,,10127,J2-14,Power Platform PPM Solution,In Progress,24/Jun/26 12:43 PM
Change Request Workflow — CRUD + impact assessment + approval flow,J2-220,11112,Task,Done,J2,June 2026,software,Akash Kumar,712020:dcf825d3-8faf-42c1-bcf6-83eca8bf1861,Your first project,High,,Suvigya Kumawat,712020:24640fe3-bd21-4cc6-9692-4770d9b78aae,Ravi Paliwal,712020:c5a8fc88-0fa8-40c7-ae48-0c346ce97909,Ravi Paliwal,712020:c5a8fc88-0fa8-40c7-ae48-0c346ce97909,24/Jun/26 12:43 PM,25/Jun/26 12:58 PM,,,,0,,,Ravi Paliwal,712020:c5a8fc88-0fa8-40c7-ae48-0c346ce97909,,,,,,,,,,,,0|i001vb:,,,,,,10127,J2-14,Power Platform PPM Solution,In Progress,24/Jun/26 12:43 PM
Benefits Tracking — CRUD + performance measures + realisation tracking,J2-219,11111,Task,Done,J2,June 2026,software,Akash Kumar,712020:dcf825d3-8faf-42c1-bcf6-83eca8bf1861,Your first project,Medium,,Suvigya Kumawat,712020:24640fe3-bd21-4cc6-9692-4770d9b78aae,Ravi Paliwal,712020:c5a8fc88-0fa8-40c7-ae48-0c346ce97909,Ravi Paliwal,712020:c5a8fc88-0fa8-40c7-ae48-0c346ce97909,24/Jun/26 12:43 PM,25/Jun/26 12:58 PM,,,,0,,,Ravi Paliwal,712020:c5a8fc88-0fa8-40c7-ae48-0c346ce97909,,,,,,,,,,,,0|i001v3:,,,,,,10127,J2-14,Power Platform PPM Solution,In Progress,24/Jun/26 12:43 PM
Gate Review Workflow — CRUD + readiness checklists + approval steps,J2-218,11110,Task,Done,J2,June 2026,software,Akash Kumar,712020:dcf825d3-8faf-42c1-bcf6-83eca8bf1861,Your first project,High,,Suvigya Kumawat,712020:24640fe3-bd21-4cc6-9692-4770d9b78aae,Ravi Paliwal,712020:c5a8fc88-0fa8-40c7-ae48-0c346ce97909,Ravi Paliwal,712020:c5a8fc88-0fa8-40c7-ae48-0c346ce97909,24/Jun/26 12:43 PM,25/Jun/26 12:58 PM,,,,0,,,Ravi Paliwal,712020:c5a8fc88-0fa8-40c7-ae48-0c346ce97909,,,,,,,,,,,,0|i001uv:,,,,,,10127,J2-14,Power Platform PPM Solution,In Progress,24/Jun/26 12:43 PM
Resource Management — CRUD + allocations + capacity validation + skill search,J2-217,11109,Task,Done,J2,June 2026,software,Akash Kumar,712020:dcf825d3-8faf-42c1-bcf6-83eca8bf1861,Your first project,High,,Suvigya Kumawat,712020:24640fe3-bd21-4cc6-9692-4770d9b78aae,Ravi Paliwal,712020:c5a8fc88-0fa8-40c7-ae48-0c346ce97909,Ravi Paliwal,712020:c5a8fc88-0fa8-40c7-ae48-0c346ce97909,24/Jun/26 12:43 PM,25/Jun/26 12:58 PM,,,,0,,,Ravi Paliwal,712020:c5a8fc88-0fa8-40c7-ae48-0c346ce97909,,,,,,,,,,,,0|i001un:,,,,,,10127,J2-14,Power Platform PPM Solution,In Progress,24/Jun/26 12:43 PM
Pipeline/Opportunity Lifecycle — Initiative CRUD + scoring + approval workflow,J2-216,11108,Task,Done,J2,June 2026,software,Akash Kumar,712020:dcf825d3-8faf-42c1-bcf6-83eca8bf1861,Your first project,High,,Suvigya Kumawat,712020:24640fe3-bd21-4cc6-9692-4770d9b78aae,Ravi Paliwal,712020:c5a8fc88-0fa8-40c7-ae48-0c346ce97909,Ravi Paliwal,712020:c5a8fc88-0fa8-40c7-ae48-0c346ce97909,24/Jun/26 12:43 PM,25/Jun/26 12:58 PM,,,,0,,,Ravi Paliwal,712020:c5a8fc88-0fa8-40c7-ae48-0c346ce97909,,,,,,,,,,,,0|i001uf:,,,,,,10127,J2-14,Power Platform PPM Solution,In Progress,24/Jun/26 12:43 PM
Project Management — CRUD + 360° view + Gantt chart + milestones + tasks,J2-215,11107,Task,Done,J2,June 2026,software,Akash Kumar,712020:dcf825d3-8faf-42c1-bcf6-83eca8bf1861,Your first project,High,,Suvigya Kumawat,712020:24640fe3-bd21-4cc6-9692-4770d9b78aae,Ravi Paliwal,712020:c5a8fc88-0fa8-40c7-ae48-0c346ce97909,Ravi Paliwal,712020:c5a8fc88-0fa8-40c7-ae48-0c346ce97909,24/Jun/26 12:42 PM,25/Jun/26 12:58 PM,,,,0,,,Ravi Paliwal,712020:c5a8fc88-0fa8-40c7-ae48-0c346ce97909,,,,,,,,,,,,0|i001u7:,,,,,,10127,J2-14,Power Platform PPM Solution,In Progress,24/Jun/26 12:43 PM
Programme Management — CRUD + child project budget aggregation,J2-214,11106,Task,Done,J2,June 2026,software,Akash Kumar,712020:dcf825d3-8faf-42c1-bcf6-83eca8bf1861,Your first project,High,,Suvigya Kumawat,712020:24640fe3-bd21-4cc6-9692-4770d9b78aae,Ravi Paliwal,712020:c5a8fc88-0fa8-40c7-ae48-0c346ce97909,Ravi Paliwal,712020:c5a8fc88-0fa8-40c7-ae48-0c346ce97909,24/Jun/26 12:42 PM,25/Jun/26 12:58 PM,,,,0,,,Ravi Paliwal,712020:c5a8fc88-0fa8-40c7-ae48-0c346ce97909,,,,,,,,,,,,0|i001tz:,,,,,,10127,J2-14,Power Platform PPM Solution,In Progress,24/Jun/26 12:42 PM
Portfolio Management — CRUD + DetailDrawer + health snapshots + financial rollup,J2-213,11105,Task,Done,J2,June 2026,software,Akash Kumar,712020:dcf825d3-8faf-42c1-bcf6-83eca8bf1861,Your first project,High,,Suvigya Kumawat,712020:24640fe3-bd21-4cc6-9692-4770d9b78aae,Ravi Paliwal,712020:c5a8fc88-0fa8-40c7-ae48-0c346ce97909,Ravi Paliwal,712020:c5a8fc88-0fa8-40c7-ae48-0c346ce97909,24/Jun/26 12:42 PM,25/Jun/26 12:58 PM,,,,0,,,Ravi Paliwal,712020:c5a8fc88-0fa8-40c7-ae48-0c346ce97909,,,,,,,,,,,,0|i001tr:,,,,,,10127,J2-14,Power Platform PPM Solution,In Progress,24/Jun/26 12:42 PM
S2-S4 resolved in COMPREHENSIVE_CODEBASE_AUDIT.md,J2-212,11072,Task,Done,J2,June 2026,software,Akash Kumar,712020:dcf825d3-8faf-42c1-bcf6-83eca8bf1861,Your first project,High,,Suvigya Kumawat,712020:24640fe3-bd21-4cc6-9692-4770d9b78aae,Ravi Paliwal,712020:c5a8fc88-0fa8-40c7-ae48-0c346ce97909,Ravi Paliwal,712020:c5a8fc88-0fa8-40c7-ae48-0c346ce97909,22/Jun/26 5:54 PM,25/Jun/26 12:58 PM,,,,0,,,Ravi Paliwal,712020:c5a8fc88-0fa8-40c7-ae48-0c346ce97909,,,,,,,,,,,,0|i001tj:,,,,,,10127,J2-14,Power Platform PPM Solution,In Progress,22/Jun/26 5:54 PM
Manual persona override UI in User Selector,J2-211,11071,Task,Done,J2,June 2026,software,Akash Kumar,712020:dcf825d3-8faf-42c1-bcf6-83eca8bf1861,Your first project,High,,Ravi Paliwal,712020:c5a8fc88-0fa8-40c7-ae48-0c346ce97909,Ravi Paliwal,712020:c5a8fc88-0fa8-40c7-ae48-0c346ce97909,Ravi Paliwal,712020:c5a8fc88-0fa8-40c7-ae48-0c346ce97909,22/Jun/26 5:54 PM,25/Jun/26 12:58 PM,,,,0,,,Ravi Paliwal,712020:c5a8fc88-0fa8-40c7-ae48-0c346ce97909,,,,,,,,,,,,0|i001tb:,,,,,,10127,J2-14,Power Platform PPM Solution,In Progress,22/Jun/26 5:54 PM
Persona keyword priority fix (Executive before PMO),J2-210,11070,Task,Done,J2,June 2026,software,Akash Kumar,712020:dcf825d3-8faf-42c1-bcf6-83eca8bf1861,Your first project,High,,Ravi Paliwal,712020:c5a8fc88-0fa8-40c7-ae48-0c346ce97909,Ravi Paliwal,712020:c5a8fc88-0fa8-40c7-ae48-0c346ce97909,Ravi Paliwal,712020:c5a8fc88-0fa8-40c7-ae48-0c346ce97909,22/Jun/26 5:54 PM,25/Jun/26 12:58 PM,,,,0,,,Ravi Paliwal,712020:c5a8fc88-0fa8-40c7-ae48-0c346ce97909,,,,,,,,,,,,0|i001t3:,,,,,,10127,J2-14,Power Platform PPM Solution,In Progress,22/Jun/26 5:54 PM
Route-level guard + deep-link URL support (?tab= param),J2-209,11069,Task,Done,J2,June 2026,software,Akash Kumar,712020:dcf825d3-8faf-42c1-bcf6-83eca8bf1861,Your first project,High,,Ravi Paliwal,712020:c5a8fc88-0fa8-40c7-ae48-0c346ce97909,Ravi Paliwal,712020:c5a8fc88-0fa8-40c7-ae48-0c346ce97909,Ravi Paliwal,712020:c5a8fc88-0fa8-40c7-ae48-0c346ce97909,22/Jun/26 5:54 PM,25/Jun/26 12:58 PM,,,,0,,,Ravi Paliwal,712020:c5a8fc88-0fa8-40c7-ae48-0c346ce97909,,,,,,,,,,,,0|i001sv:,,,,,,10127,J2-14,Power Platform PPM Solution,In Progress,22/Jun/26 5:54 PM
useAuthorization CRUD checks on all 21 CRUD-capable pages,J2-208,11068,Task,Done,J2,June 2026,software,Akash Kumar,712020:dcf825d3-8faf-42c1-bcf6-83eca8bf1861,Your first project,High,,Ravi Paliwal,712020:c5a8fc88-0fa8-40c7-ae48-0c346ce97909,Ravi Paliwal,712020:c5a8fc88-0fa8-40c7-ae48-0c346ce97909,Ravi Paliwal,712020:c5a8fc88-0fa8-40c7-ae48-0c346ce97909,22/Jun/26 5:54 PM,25/Jun/26 12:58 PM,,,,0,,,Ravi Paliwal,712020:c5a8fc88-0fa8-40c7-ae48-0c346ce97909,,,,,,,,,,,,0|i001sn:,,,,,,10127,J2-14,Power Platform PPM Solution,In Progress,22/Jun/26 5:54 PM
"Delete functionality on Portfolios, Programmes, Projects, Pipeline",J2-207,11067,Task,Done,J2,June 2026,software,Akash Kumar,712020:dcf825d3-8faf-42c1-bcf6-83eca8bf1861,Your first project,High,,Suvigya Kumawat,712020:24640fe3-bd21-4cc6-9692-4770d9b78aae,Ravi Paliwal,712020:c5a8fc88-0fa8-40c7-ae48-0c346ce97909,Ravi Paliwal,712020:c5a8fc88-0fa8-40c7-ae48-0c346ce97909,22/Jun/26 5:54 PM,25/Jun/26 12:58 PM,,,,0,,,Ravi Paliwal,712020:c5a8fc88-0fa8-40c7-ae48-0c346ce97909,,,,,,,,,,,,0|i001sf:,,,,,,10127,J2-14,Power Platform PPM Solution,In Progress,22/Jun/26 5:54 PM
WCAG 2.1 AA Accessibility — No accessibility implementation,J2-206,11066,Task,To Do,J2,June 2026,software,Akash Kumar,712020:dcf825d3-8faf-42c1-bcf6-83eca8bf1861,Your first project,High,,Ravi Paliwal,712020:c5a8fc88-0fa8-40c7-ae48-0c346ce97909,Ravi Paliwal,712020:c5a8fc88-0fa8-40c7-ae48-0c346ce97909,Ravi Paliwal,712020:c5a8fc88-0fa8-40c7-ae48-0c346ce97909,22/Jun/26 5:37 PM,22/Jun/26 5:37 PM,,,,0,,,Ravi Paliwal,712020:c5a8fc88-0fa8-40c7-ae48-0c346ce97909,,,,,,,,,,,,0|i001s7:,,,,,,10127,J2-14,Power Platform PPM Solution,To Do,22/Jun/26 5:37 PM
API-level RBAC — Add $filter based on user persona in service calls,J2-205,11065,Task,To Do,J2,June 2026,software,Akash Kumar,712020:dcf825d3-8faf-42c1-bcf6-83eca8bf1861,Your first project,High,,Suvigya Kumawat,712020:24640fe3-bd21-4cc6-9692-4770d9b78aae,Ravi Paliwal,712020:c5a8fc88-0fa8-40c7-ae48-0c346ce97909,Ravi Paliwal,712020:c5a8fc88-0fa8-40c7-ae48-0c346ce97909,22/Jun/26 5:37 PM,22/Jun/26 5:37 PM,,,,0,,,Ravi Paliwal,712020:c5a8fc88-0fa8-40c7-ae48-0c346ce97909,,,,,,,,,,,,0|i001rz:,,,,,,10127,J2-14,Power Platform PPM Solution,To Do,22/Jun/26 5:37 PM
Column-level security — Hide financial fields from unauthorized personas,J2-204,11064,Task,To Do,J2,June 2026,software,Akash Kumar,712020:dcf825d3-8faf-42c1-bcf6-83eca8bf1861,Your first project,Medium,,Suvigya Kumawat,712020:24640fe3-bd21-4cc6-9692-4770d9b78aae,Ravi Paliwal,712020:c5a8fc88-0fa8-40c7-ae48-0c346ce97909,Ravi Paliwal,712020:c5a8fc88-0fa8-40c7-ae48-0c346ce97909,22/Jun/26 5:37 PM,22/Jun/26 5:37 PM,,,,0,,,Ravi Paliwal,712020:c5a8fc88-0fa8-40c7-ae48-0c346ce97909,,,,,,,,,,,,0|i001rr:,,,,,,10127,J2-14,Power Platform PPM Solution,To Do,22/Jun/26 5:37 PM
"Row-level data filtering — expand to Resources, Projects, Timesheets, Risks, Tasks",J2-203,11063,Task,To Do,J2,June 2026,software,Akash Kumar,712020:dcf825d3-8faf-42c1-bcf6-83eca8bf1861,Your first project,High,,Ravi Paliwal,712020:c5a8fc88-0fa8-40c7-ae48-0c346ce97909,Ravi Paliwal,712020:c5a8fc88-0fa8-40c7-ae48-0c346ce97909,Ravi Paliwal,712020:c5a8fc88-0fa8-40c7-ae48-0c346ce97909,22/Jun/26 5:37 PM,22/Jun/26 5:37 PM,,,,0,,,Ravi Paliwal,712020:c5a8fc88-0fa8-40c7-ae48-0c346ce97909,,,,,,,,,,,,0|i001rj:,,,,,,10127,J2-14,Power Platform PPM Solution,To Do,22/Jun/26 5:37 PM
Add unit/integration/E2E tests — Zero tests currently,J2-202,11062,Task,To Do,J2,June 2026,software,Akash Kumar,712020:dcf825d3-8faf-42c1-bcf6-83eca8bf1861,Your first project,High,,Ravi Paliwal,712020:c5a8fc88-0fa8-40c7-ae48-0c346ce97909,Ravi Paliwal,712020:c5a8fc88-0fa8-40c7-ae48-0c346ce97909,Ravi Paliwal,712020:c5a8fc88-0fa8-40c7-ae48-0c346ce97909,22/Jun/26 5:37 PM,22/Jun/26 5:37 PM,,,,0,,,Ravi Paliwal,712020:c5a8fc88-0fa8-40c7-ae48-0c346ce97909,,,,,,,,,,,,0|i001rb:,,,,,,10127,J2-14,Power Platform PPM Solution,To Do,22/Jun/26 5:37 PM
"Fix 1389 ESLint errors — pervasive any types, empty catch blocks, React hook violations",J2-201,11061,Task,To Do,J2,June 2026,software,Akash Kumar,712020:dcf825d3-8faf-42c1-bcf6-83eca8bf1861,Your first project,Medium,,Suvigya Kumawat,712020:24640fe3-bd21-4cc6-9692-4770d9b78aae,Ravi Paliwal,712020:c5a8fc88-0fa8-40c7-ae48-0c346ce97909,Ravi Paliwal,712020:c5a8fc88-0fa8-40c7-ae48-0c346ce97909,22/Jun/26 5:37 PM,22/Jun/26 5:37 PM,,,,0,,,Ravi Paliwal,712020:c5a8fc88-0fa8-40c7-ae48-0c346ce97909,,,,,,,,,,,,0|i001r3:,,,,,,10127,J2-14,Power Platform PPM Solution,To Do,22/Jun/26 5:37 PM
"Custom Hooks — useAuthorization, useDataGrid, useDataverseAsync, useDataverseCrud",J2-200,11060,Task,Done,J2,June 2026,software,Akash Kumar,712020:dcf825d3-8faf-42c1-bcf6-83eca8bf1861,Your first project,Medium,,Suvigya Kumawat,712020:24640fe3-bd21-4cc6-9692-4770d9b78aae,Ravi Paliwal,712020:c5a8fc88-0fa8-40c7-ae48-0c346ce97909,Ravi Paliwal,712020:c5a8fc88-0fa8-40c7-ae48-0c346ce97909,22/Jun/26 5:37 PM,25/Jun/26 12:58 PM,,,,0,,,Ravi Paliwal,712020:c5a8fc88-0fa8-40c7-ae48-0c346ce97909,,,,,,,,,,,,0|i001qv:,,,,,,10127,J2-14,Power Platform PPM Solution,In Progress,22/Jun/26 5:51 PM
"Common Component Library — 34 reusable components (DataverseTable, DetailDrawer, etc.)",J2-199,11059,Task,Done,J2,June 2026,software,Akash Kumar,712020:dcf825d3-8faf-42c1-bcf6-83eca8bf1861,Your first project,Medium,,Suvigya Kumawat,712020:24640fe3-bd21-4cc6-9692-4770d9b78aae,Ravi Paliwal,712020:c5a8fc88-0fa8-40c7-ae48-0c346ce97909,Ravi Paliwal,712020:c5a8fc88-0fa8-40c7-ae48-0c346ce97909,22/Jun/26 5:37 PM,25/Jun/26 12:59 PM,,,,0,,,Ravi Paliwal,712020:c5a8fc88-0fa8-40c7-ae48-0c346ce97909,,,,,,,,,,,,0|i001qn:,,,,,,10127,J2-14,Power Platform PPM Solution,In Progress,22/Jun/26 5:51 PM
"Changelog Service — Audit logging with session ID from Xrm context, entity-level change tracking",J2-198,11058,Task,Done,J2,June 2026,software,Akash Kumar,712020:dcf825d3-8faf-42c1-bcf6-83eca8bf1861,Your first project,Medium,,Ravi Paliwal,712020:c5a8fc88-0fa8-40c7-ae48-0c346ce97909,Ravi Paliwal,712020:c5a8fc88-0fa8-40c7-ae48-0c346ce97909,Ravi Paliwal,712020:c5a8fc88-0fa8-40c7-ae48-0c346ce97909,22/Jun/26 5:37 PM,25/Jun/26 12:59 PM,,,,0,,,Ravi Paliwal,712020:c5a8fc88-0fa8-40c7-ae48-0c346ce97909,,,,,,,,,,,,0|i001qf:,,,,,,10127,J2-14,Power Platform PPM Solution,In Progress,22/Jun/26 5:51 PM
Audit Trail / Activity Log — changelog.service.ts writes audit entries on all CRUD operations,J2-197,11057,Task,Done,J2,June 2026,software,Akash Kumar,712020:dcf825d3-8faf-42c1-bcf6-83eca8bf1861,Your first project,High,,Ravi Paliwal,712020:c5a8fc88-0fa8-40c7-ae48-0c346ce97909,Ravi Paliwal,712020:c5a8fc88-0fa8-40c7-ae48-0c346ce97909,Ravi Paliwal,712020:c5a8fc88-0fa8-40c7-ae48-0c346ce97909,22/Jun/26 5:37 PM,25/Jun/26 12:59 PM,,,,0,,,Ravi Paliwal,712020:c5a8fc88-0fa8-40c7-ae48-0c346ce97909,,,,,,,,,,,,0|i001q7:,,,,,,10127,J2-14,Power Platform PPM Solution,In Progress,22/Jun/26 5:51 PM
"Financial KPI Dashboard — Budget vs actual, cashflow projections, funding utilization",J2-196,11056,Task,Done,J2,June 2026,software,Akash Kumar,712020:dcf825d3-8faf-42c1-bcf6-83eca8bf1861,Your first project,Medium,,Ravi Paliwal,712020:c5a8fc88-0fa8-40c7-ae48-0c346ce97909,Ravi Paliwal,712020:c5a8fc88-0fa8-40c7-ae48-0c346ce97909,Ravi Paliwal,712020:c5a8fc88-0fa8-40c7-ae48-0c346ce97909,22/Jun/26 5:37 PM,25/Jun/26 12:59 PM,,,,0,,,Ravi Paliwal,712020:c5a8fc88-0fa8-40c7-ae48-0c346ce97909,,,,,,,,,,,,0|i001pz:,,,,,,10127,J2-14,Power Platform PPM Solution,In Progress,22/Jun/26 5:51 PM
"Financial Rollup Engine — Portfolio-level budget aggregation, programme budget consolidation",J2-195,11055,Task,Done,J2,June 2026,software,Akash Kumar,712020:dcf825d3-8faf-42c1-bcf6-83eca8bf1861,Your first project,High,,Ravi Paliwal,712020:c5a8fc88-0fa8-40c7-ae48-0c346ce97909,Ravi Paliwal,712020:c5a8fc88-0fa8-40c7-ae48-0c346ce97909,Ravi Paliwal,712020:c5a8fc88-0fa8-40c7-ae48-0c346ce97909,22/Jun/26 5:37 PM,25/Jun/26 12:59 PM,,,,0,,,Ravi Paliwal,712020:c5a8fc88-0fa8-40c7-ae48-0c346ce97909,,,,,,,,,,,,0|i001pr:,,,,,,10127,J2-14,Power Platform PPM Solution,In Progress,22/Jun/26 5:51 PM
"Document Upload & Management — Document CRUD, binary upload, EntityDocumentsTab",J2-194,11054,Task,Done,J2,June 2026,software,Akash Kumar,712020:dcf825d3-8faf-42c1-bcf6-83eca8bf1861,Your first project,Medium,,Suvigya Kumawat,712020:24640fe3-bd21-4cc6-9692-4770d9b78aae,Ravi Paliwal,712020:c5a8fc88-0fa8-40c7-ae48-0c346ce97909,Ravi Paliwal,712020:c5a8fc88-0fa8-40c7-ae48-0c346ce97909,22/Jun/26 5:37 PM,25/Jun/26 12:59 PM,,,,0,,,Ravi Paliwal,712020:c5a8fc88-0fa8-40c7-ae48-0c346ce97909,,,,,,,,,,,,0|i001pj:,,,,,,10127,J2-14,Power Platform PPM Solution,In Progress,22/Jun/26 5:51 PM
"Calendar View — Integrated calendar display with Outlook events, local event creation",J2-193,11053,Task,Done,J2,June 2026,software,Akash Kumar,712020:dcf825d3-8faf-42c1-bcf6-83eca8bf1861,Your first project,Medium,,Suvigya Kumawat,712020:24640fe3-bd21-4cc6-9692-4770d9b78aae,Ravi Paliwal,712020:c5a8fc88-0fa8-40c7-ae48-0c346ce97909,Ravi Paliwal,712020:c5a8fc88-0fa8-40c7-ae48-0c346ce97909,22/Jun/26 5:37 PM,25/Jun/26 12:59 PM,,,,0,,,Ravi Paliwal,712020:c5a8fc88-0fa8-40c7-ae48-0c346ce97909,,,,,,,,,,,,0|i001pb:,,,,,,10127,J2-14,Power Platform PPM Solution,In Progress,22/Jun/26 5:51 PM
Outlook Calendar Integration — CreateOutlookEventService + GetOutlookEventsService,J2-192,11052,Task,Done,J2,June 2026,software,Akash Kumar,712020:dcf825d3-8faf-42c1-bcf6-83eca8bf1861,Your first project,Medium,,Suvigya Kumawat,712020:24640fe3-bd21-4cc6-9692-4770d9b78aae,Ravi Paliwal,712020:c5a8fc88-0fa8-40c7-ae48-0c346ce97909,Ravi Paliwal,712020:c5a8fc88-0fa8-40c7-ae48-0c346ce97909,22/Jun/26 5:37 PM,25/Jun/26 12:59 PM,,,,0,,,Ravi Paliwal,712020:c5a8fc88-0fa8-40c7-ae48-0c346ce97909,,,,,,,,,,,,0|i001p3:,,,,,,10127,J2-14,Power Platform PPM Solution,In Progress,22/Jun/26 5:51 PM
"Approval Workflow Engine — Multi-step approval flows, 17 task modals, FORM_DIALOG_DECISION_EVENT",J2-191,11051,Task,Done,J2,June 2026,software,Akash Kumar,712020:dcf825d3-8faf-42c1-bcf6-83eca8bf1861,Your first project,High,,Suvigya Kumawat,712020:24640fe3-bd21-4cc6-9692-4770d9b78aae,Ravi Paliwal,712020:c5a8fc88-0fa8-40c7-ae48-0c346ce97909,Ravi Paliwal,712020:c5a8fc88-0fa8-40c7-ae48-0c346ce97909,22/Jun/26 5:37 PM,25/Jun/26 12:59 PM,,,,0,,,Ravi Paliwal,712020:c5a8fc88-0fa8-40c7-ae48-0c346ce97909,,,,,,,,,,,,0|i001ov:,,,,,,10127,J2-14,Power Platform PPM Solution,In Progress,22/Jun/26 5:51 PM
"User Selector — Avatar chip + popover with user switching, persona display, active indicator",J2-190,11050,Task,Done,J2,June 2026,software,Akash Kumar,712020:dcf825d3-8faf-42c1-bcf6-83eca8bf1861,Your first project,Medium,,Ravi Paliwal,712020:c5a8fc88-0fa8-40c7-ae48-0c346ce97909,Ravi Paliwal,712020:c5a8fc88-0fa8-40c7-ae48-0c346ce97909,Ravi Paliwal,712020:c5a8fc88-0fa8-40c7-ae48-0c346ce97909,22/Jun/26 5:37 PM,25/Jun/26 12:59 PM,,,,0,,,Ravi Paliwal,712020:c5a8fc88-0fa8-40c7-ae48-0c346ce97909,,,,,,,,,,,,0|i001on:,,,,,,10127,J2-14,Power Platform PPM Solution,In Progress,22/Jun/26 5:51 PM
"User Context & Role Resolution — Fetches users, teams, memberships; resolves personas",J2-189,11049,Task,Done,J2,June 2026,software,Akash Kumar,712020:dcf825d3-8faf-42c1-bcf6-83eca8bf1861,Your first project,High,,Ravi Paliwal,712020:c5a8fc88-0fa8-40c7-ae48-0c346ce97909,Ravi Paliwal,712020:c5a8fc88-0fa8-40c7-ae48-0c346ce97909,Ravi Paliwal,712020:c5a8fc88-0fa8-40c7-ae48-0c346ce97909,22/Jun/26 5:37 PM,25/Jun/26 12:59 PM,,,,0,,,Ravi Paliwal,712020:c5a8fc88-0fa8-40c7-ae48-0c346ce97909,,,,,,,,,,,,0|i001of:,,,,,,10127,J2-14,Power Platform PPM Solution,In Progress,22/Jun/26 5:51 PM
Route Guard — Tab-level access validation in PrimaryShell + deep-link URL protection,J2-188,11048,Task,Done,J2,June 2026,software,Akash Kumar,712020:dcf825d3-8faf-42c1-bcf6-83eca8bf1861,Your first project,High,,Ravi Paliwal,712020:c5a8fc88-0fa8-40c7-ae48-0c346ce97909,Ravi Paliwal,712020:c5a8fc88-0fa8-40c7-ae48-0c346ce97909,Ravi Paliwal,712020:c5a8fc88-0fa8-40c7-ae48-0c346ce97909,22/Jun/26 5:37 PM,25/Jun/26 12:59 PM,,,,0,,,Ravi Paliwal,712020:c5a8fc88-0fa8-40c7-ae48-0c346ce97909,,,,,,,,,,,,0|i001o7:,,,,,,10127,J2-14,Power Platform PPM Solution,In Progress,22/Jun/26 5:51 PM
CRUD Permission Matrix — Per-module per-action persona-based access control,J2-187,11047,Task,Done,J2,June 2026,software,Akash Kumar,712020:dcf825d3-8faf-42c1-bcf6-83eca8bf1861,Your first project,High,,Ravi Paliwal,712020:c5a8fc88-0fa8-40c7-ae48-0c346ce97909,Ravi Paliwal,712020:c5a8fc88-0fa8-40c7-ae48-0c346ce97909,Ravi Paliwal,712020:c5a8fc88-0fa8-40c7-ae48-0c346ce97909,22/Jun/26 5:36 PM,25/Jun/26 12:59 PM,,,,0,,,Ravi Paliwal,712020:c5a8fc88-0fa8-40c7-ae48-0c346ce97909,,,,,,,,,,,,0|i001nz:,,,,,,10127,J2-14,Power Platform PPM Solution,In Progress,22/Jun/26 5:51 PM
"Persona Resolution System — 7 personas: keyword matching against job title, team names, security roles",J2-186,11046,Task,Done,J2,June 2026,software,Akash Kumar,712020:dcf825d3-8faf-42c1-bcf6-83eca8bf1861,Your first project,High,,Ravi Paliwal,712020:c5a8fc88-0fa8-40c7-ae48-0c346ce97909,Ravi Paliwal,712020:c5a8fc88-0fa8-40c7-ae48-0c346ce97909,Ravi Paliwal,712020:c5a8fc88-0fa8-40c7-ae48-0c346ce97909,22/Jun/26 5:36 PM,25/Jun/26 12:59 PM,,,,0,,,Ravi Paliwal,712020:c5a8fc88-0fa8-40c7-ae48-0c346ce97909,,,,,,,,,,,,0|i001nr:,,,,,,10127,J2-14,Power Platform PPM Solution,In Progress,22/Jun/26 5:51 PM
Workflow Tasks — Read-only approval step tasks view,J2-185,11045,Task,Done,J2,June 2026,software,Akash Kumar,712020:dcf825d3-8faf-42c1-bcf6-83eca8bf1861,Your first project,Medium,,Ravi Paliwal,712020:c5a8fc88-0fa8-40c7-ae48-0c346ce97909,Ravi Paliwal,712020:c5a8fc88-0fa8-40c7-ae48-0c346ce97909,Ravi Paliwal,712020:c5a8fc88-0fa8-40c7-ae48-0c346ce97909,22/Jun/26 5:36 PM,25/Jun/26 12:59 PM,,,,0,,,Ravi Paliwal,712020:c5a8fc88-0fa8-40c7-ae48-0c346ce97909,,,,,,,,,,,,0|i001nj:,,,,,,10127,J2-14,Power Platform PPM Solution,In Progress,22/Jun/26 5:51 PM
Funding Source Management — CRUD,J2-184,11044,Task,Done,J2,June 2026,software,Akash Kumar,712020:dcf825d3-8faf-42c1-bcf6-83eca8bf1861,Your first project,Medium,,Ravi Paliwal,712020:c5a8fc88-0fa8-40c7-ae48-0c346ce97909,Ravi Paliwal,712020:c5a8fc88-0fa8-40c7-ae48-0c346ce97909,Ravi Paliwal,712020:c5a8fc88-0fa8-40c7-ae48-0c346ce97909,22/Jun/26 5:36 PM,25/Jun/26 12:59 PM,,,,0,,,Ravi Paliwal,712020:c5a8fc88-0fa8-40c7-ae48-0c346ce97909,,,,,,,,,,,,0|i001nb:,,,,,,10127,J2-14,Power Platform PPM Solution,In Progress,22/Jun/26 5:52 PM
Cashflow Management — CRUD + financial calendar entries,J2-183,11043,Task,Done,J2,June 2026,software,Akash Kumar,712020:dcf825d3-8faf-42c1-bcf6-83eca8bf1861,Your first project,Medium,,Ravi Paliwal,712020:c5a8fc88-0fa8-40c7-ae48-0c346ce97909,Ravi Paliwal,712020:c5a8fc88-0fa8-40c7-ae48-0c346ce97909,Ravi Paliwal,712020:c5a8fc88-0fa8-40c7-ae48-0c346ce97909,22/Jun/26 5:36 PM,25/Jun/26 12:59 PM,,,,0,,,Ravi Paliwal,712020:c5a8fc88-0fa8-40c7-ae48-0c346ce97909,,,,,,,,,,,,0|i001n3:,,,,,,10127,J2-14,Power Platform PPM Solution,In Progress,22/Jun/26 5:52 PM
Issue Management — CRUD + owner-based row-level filtering,J2-182,11042,Task,Done,J2,June 2026,software,Akash Kumar,712020:dcf825d3-8faf-42c1-bcf6-83eca8bf1861,Your first project,High,,Ravi Paliwal,712020:c5a8fc88-0fa8-40c7-ae48-0c346ce97909,Ravi Paliwal,712020:c5a8fc88-0fa8-40c7-ae48-0c346ce97909,Ravi Paliwal,712020:c5a8fc88-0fa8-40c7-ae48-0c346ce97909,22/Jun/26 5:36 PM,22/Jun/26 5:52 PM,,,,0,,,Ravi Paliwal,712020:c5a8fc88-0fa8-40c7-ae48-0c346ce97909,,,,,,,,,,,,0|i001mv:,,,,,,10127,J2-14,Power Platform PPM Solution,In Progress,22/Jun/26 5:52 PM
Risk Management — CRUD + risk assessment + mitigation actions,J2-181,11041,Task,Done,J2,June 2026,software,Akash Kumar,712020:dcf825d3-8faf-42c1-bcf6-83eca8bf1861,Your first project,High,,Ravi Paliwal,712020:c5a8fc88-0fa8-40c7-ae48-0c346ce97909,Ravi Paliwal,712020:c5a8fc88-0fa8-40c7-ae48-0c346ce97909,Ravi Paliwal,712020:c5a8fc88-0fa8-40c7-ae48-0c346ce97909,22/Jun/26 5:36 PM,22/Jun/26 5:52 PM,,,,0,,,Ravi Paliwal,712020:c5a8fc88-0fa8-40c7-ae48-0c346ce97909,,,,,,,,,,,,0|i001mn:,,,,,,10127,J2-14,Power Platform PPM Solution,In Progress,22/Jun/26 5:52 PM
Budget Line Management — CRUD + funding source linkage,J2-180,11040,Task,Done,J2,June 2026,software,Akash Kumar,712020:dcf825d3-8faf-42c1-bcf6-83eca8bf1861,Your first project,High,,Ravi Paliwal,712020:c5a8fc88-0fa8-40c7-ae48-0c346ce97909,Ravi Paliwal,712020:c5a8fc88-0fa8-40c7-ae48-0c346ce97909,Ravi Paliwal,712020:c5a8fc88-0fa8-40c7-ae48-0c346ce97909,22/Jun/26 5:36 PM,22/Jun/26 5:52 PM,,,,0,,,Ravi Paliwal,712020:c5a8fc88-0fa8-40c7-ae48-0c346ce97909,,,,,,,,,,,,0|i001mf:,,,,,,10127,J2-14,Power Platform PPM Solution,In Progress,22/Jun/26 5:52 PM
Timesheet Recording & Approval — Entry-based timesheets + status workflow + overlap validation,J2-179,11039,Task,Done,J2,June 2026,software,Akash Kumar,712020:dcf825d3-8faf-42c1-bcf6-83eca8bf1861,Your first project,High,,Ravi Paliwal,712020:c5a8fc88-0fa8-40c7-ae48-0c346ce97909,Ravi Paliwal,712020:c5a8fc88-0fa8-40c7-ae48-0c346ce97909,Ravi Paliwal,712020:c5a8fc88-0fa8-40c7-ae48-0c346ce97909,22/Jun/26 5:36 PM,22/Jun/26 5:52 PM,,,,0,,,Ravi Paliwal,712020:c5a8fc88-0fa8-40c7-ae48-0c346ce97909,,,,,,,,,,,,0|i001m7:,,,,,,10127,J2-14,Power Platform PPM Solution,In Progress,22/Jun/26 5:52 PM
Strategic Roster — Headcount planning / strategic workforce visualization,J2-178,11038,Task,Done,J2,June 2026,software,Akash Kumar,712020:dcf825d3-8faf-42c1-bcf6-83eca8bf1861,Your first project,Medium,,Suvigya Kumawat,712020:24640fe3-bd21-4cc6-9692-4770d9b78aae,Ravi Paliwal,712020:c5a8fc88-0fa8-40c7-ae48-0c346ce97909,Ravi Paliwal,712020:c5a8fc88-0fa8-40c7-ae48-0c346ce97909,22/Jun/26 5:36 PM,22/Jun/26 5:52 PM,,,,0,,,Ravi Paliwal,712020:c5a8fc88-0fa8-40c7-ae48-0c346ce97909,,,,,,,,,,,,0|i001lz:,,,,,,10127,J2-14,Power Platform PPM Solution,In Progress,22/Jun/26 5:52 PM
Status Snapshots — 13-period RAG status reporting with snapshots,J2-177,11037,Task,Done,J2,June 2026,software,Akash Kumar,712020:dcf825d3-8faf-42c1-bcf6-83eca8bf1861,Your first project,Medium,,Suvigya Kumawat,712020:24640fe3-bd21-4cc6-9692-4770d9b78aae,Ravi Paliwal,712020:c5a8fc88-0fa8-40c7-ae48-0c346ce97909,Ravi Paliwal,712020:c5a8fc88-0fa8-40c7-ae48-0c346ce97909,22/Jun/26 5:36 PM,22/Jun/26 5:52 PM,,,,0,,,Ravi Paliwal,712020:c5a8fc88-0fa8-40c7-ae48-0c346ce97909,,,,,,,,,,,,0|i001lr:,,,,,,10127,J2-14,Power Platform PPM Solution,In Progress,22/Jun/26 5:52 PM
"Workflow Engine — Step templates, routing rules, Power Automate triggers",J2-176,11036,Task,Done,J2,June 2026,software,Akash Kumar,712020:dcf825d3-8faf-42c1-bcf6-83eca8bf1861,Your first project,High,,Suvigya Kumawat,712020:24640fe3-bd21-4cc6-9692-4770d9b78aae,Ravi Paliwal,712020:c5a8fc88-0fa8-40c7-ae48-0c346ce97909,Ravi Paliwal,712020:c5a8fc88-0fa8-40c7-ae48-0c346ce97909,22/Jun/26 5:36 PM,22/Jun/26 5:52 PM,,,,0,,,Ravi Paliwal,712020:c5a8fc88-0fa8-40c7-ae48-0c346ce97909,,,,,,,,,,,,0|i001lj:,,,,,,10127,J2-14,Power Platform PPM Solution,In Progress,22/Jun/26 5:52 PM
Skills Management — CRUD + resource skill mapping,J2-175,11035,Task,Done,J2,June 2026,software,Akash Kumar,712020:dcf825d3-8faf-42c1-bcf6-83eca8bf1861,Your first project,Medium,,Suvigya Kumawat,712020:24640fe3-bd21-4cc6-9692-4770d9b78aae,Ravi Paliwal,712020:c5a8fc88-0fa8-40c7-ae48-0c346ce97909,Ravi Paliwal,712020:c5a8fc88-0fa8-40c7-ae48-0c346ce97909,22/Jun/26 5:36 PM,22/Jun/26 5:52 PM,,,,0,,,Ravi Paliwal,712020:c5a8fc88-0fa8-40c7-ae48-0c346ce97909,,,,,,,,,,,,0|i001lb:,,,,,,10127,J2-14,Power Platform PPM Solution,In Progress,22/Jun/26 5:52 PM
Change Request Workflow — CRUD + impact assessment + approval flow,J2-174,11034,Task,Done,J2,June 2026,software,Akash Kumar,712020:dcf825d3-8faf-42c1-bcf6-83eca8bf1861,Your first project,High,,Suvigya Kumawat,712020:24640fe3-bd21-4cc6-9692-4770d9b78aae,Ravi Paliwal,712020:c5a8fc88-0fa8-40c7-ae48-0c346ce97909,Ravi Paliwal,712020:c5a8fc88-0fa8-40c7-ae48-0c346ce97909,22/Jun/26 5:36 PM,22/Jun/26 5:52 PM,,,,0,,,Ravi Paliwal,712020:c5a8fc88-0fa8-40c7-ae48-0c346ce97909,,,,,,,,,,,,0|i001l3:,,,,,,10127,J2-14,Power Platform PPM Solution,In Progress,22/Jun/26 5:52 PM
Benefits Tracking — CRUD + performance measures + realisation tracking,J2-173,11033,Task,Done,J2,June 2026,software,Akash Kumar,712020:dcf825d3-8faf-42c1-bcf6-83eca8bf1861,Your first project,Medium,,Suvigya Kumawat,712020:24640fe3-bd21-4cc6-9692-4770d9b78aae,Ravi Paliwal,712020:c5a8fc88-0fa8-40c7-ae48-0c346ce97909,Ravi Paliwal,712020:c5a8fc88-0fa8-40c7-ae48-0c346ce97909,22/Jun/26 5:36 PM,22/Jun/26 5:52 PM,,,,0,,,Ravi Paliwal,712020:c5a8fc88-0fa8-40c7-ae48-0c346ce97909,,,,,,,,,,,,0|i001kv:,,,,,,10127,J2-14,Power Platform PPM Solution,In Progress,22/Jun/26 5:52 PM
Gate Review Workflow — CRUD + readiness checklists + approval steps,J2-172,11032,Task,Done,J2,June 2026,software,Akash Kumar,712020:dcf825d3-8faf-42c1-bcf6-83eca8bf1861,Your first project,High,,Suvigya Kumawat,712020:24640fe3-bd21-4cc6-9692-4770d9b78aae,Ravi Paliwal,712020:c5a8fc88-0fa8-40c7-ae48-0c346ce97909,Ravi Paliwal,712020:c5a8fc88-0fa8-40c7-ae48-0c346ce97909,22/Jun/26 5:36 PM,22/Jun/26 5:52 PM,,,,0,,,Ravi Paliwal,712020:c5a8fc88-0fa8-40c7-ae48-0c346ce97909,,,,,,,,,,,,0|i001kn:,,,,,,10127,J2-14,Power Platform PPM Solution,In Progress,22/Jun/26 5:52 PM
Resource Management — CRUD + allocations + capacity validation + skill search,J2-171,11031,Task,Done,J2,June 2026,software,Akash Kumar,712020:dcf825d3-8faf-42c1-bcf6-83eca8bf1861,Your first project,High,,Suvigya Kumawat,712020:24640fe3-bd21-4cc6-9692-4770d9b78aae,Ravi Paliwal,712020:c5a8fc88-0fa8-40c7-ae48-0c346ce97909,Ravi Paliwal,712020:c5a8fc88-0fa8-40c7-ae48-0c346ce97909,22/Jun/26 5:36 PM,22/Jun/26 5:52 PM,,,,0,,,Ravi Paliwal,712020:c5a8fc88-0fa8-40c7-ae48-0c346ce97909,,,,,,,,,,,,0|i001kf:,,,,,,10127,J2-14,Power Platform PPM Solution,In Progress,22/Jun/26 5:52 PM
Pipeline/Opportunity Lifecycle — Initiative CRUD + scoring + approval workflow,J2-170,11030,Task,Done,J2,June 2026,software,Akash Kumar,712020:dcf825d3-8faf-42c1-bcf6-83eca8bf1861,Your first project,High,,Suvigya Kumawat,712020:24640fe3-bd21-4cc6-9692-4770d9b78aae,Ravi Paliwal,712020:c5a8fc88-0fa8-40c7-ae48-0c346ce97909,Ravi Paliwal,712020:c5a8fc88-0fa8-40c7-ae48-0c346ce97909,22/Jun/26 5:36 PM,22/Jun/26 5:52 PM,,,,0,,,Ravi Paliwal,712020:c5a8fc88-0fa8-40c7-ae48-0c346ce97909,,,,,,,,,,,,0|i001k7:,,,,,,10127,J2-14,Power Platform PPM Solution,In Progress,22/Jun/26 5:52 PM
Project Management — CRUD + 360° view + Gantt chart + milestones + tasks,J2-169,11029,Task,Done,J2,June 2026,software,Akash Kumar,712020:dcf825d3-8faf-42c1-bcf6-83eca8bf1861,Your first project,High,,Suvigya Kumawat,712020:24640fe3-bd21-4cc6-9692-4770d9b78aae,Ravi Paliwal,712020:c5a8fc88-0fa8-40c7-ae48-0c346ce97909,Ravi Paliwal,712020:c5a8fc88-0fa8-40c7-ae48-0c346ce97909,22/Jun/26 5:36 PM,22/Jun/26 5:52 PM,,,,0,,,Ravi Paliwal,712020:c5a8fc88-0fa8-40c7-ae48-0c346ce97909,,,,,,,,,,,,0|i001jz:,,,,,,10127,J2-14,Power Platform PPM Solution,In Progress,22/Jun/26 5:52 PM
Programme Management — CRUD + child project budget aggregation,J2-168,11028,Task,Done,J2,June 2026,software,Akash Kumar,712020:dcf825d3-8faf-42c1-bcf6-83eca8bf1861,Your first project,High,,Suvigya Kumawat,712020:24640fe3-bd21-4cc6-9692-4770d9b78aae,Ravi Paliwal,712020:c5a8fc88-0fa8-40c7-ae48-0c346ce97909,Ravi Paliwal,712020:c5a8fc88-0fa8-40c7-ae48-0c346ce97909,22/Jun/26 5:36 PM,22/Jun/26 5:52 PM,,,,0,,,Ravi Paliwal,712020:c5a8fc88-0fa8-40c7-ae48-0c346ce97909,,,,,,,,,,,,0|i001jr:,,,,,,10127,J2-14,Power Platform PPM Solution,In Progress,22/Jun/26 5:52 PM
Portfolio Management — CRUD + DetailDrawer + health snapshots + financial rollup,J2-167,11027,Task,Done,J2,June 2026,software,Akash Kumar,712020:dcf825d3-8faf-42c1-bcf6-83eca8bf1861,Your first project,High,,Suvigya Kumawat,712020:24640fe3-bd21-4cc6-9692-4770d9b78aae,Ravi Paliwal,712020:c5a8fc88-0fa8-40c7-ae48-0c346ce97909,Ravi Paliwal,712020:c5a8fc88-0fa8-40c7-ae48-0c346ce97909,22/Jun/26 5:36 PM,22/Jun/26 5:52 PM,,,,0,,,Ravi Paliwal,712020:c5a8fc88-0fa8-40c7-ae48-0c346ce97909,,,,,,,,,,,,0|i001jj:,,,,,,10127,J2-14,Power Platform PPM Solution,In Progress,22/Jun/26 5:52 PM
Tasks page,J2-160,10860,Task,Done,J2,June 2026,software,Akash Kumar,712020:dcf825d3-8faf-42c1-bcf6-83eca8bf1861,Your first project,Medium,,Suvigya Kumawat,712020:24640fe3-bd21-4cc6-9692-4770d9b78aae,Suvigya Kumawat,712020:24640fe3-bd21-4cc6-9692-4770d9b78aae,Suvigya Kumawat,712020:24640fe3-bd21-4cc6-9692-4770d9b78aae,16/Jun/26 1:15 PM,22/Jun/26 5:52 PM,22/Jun/26 4:01 PM,,,0,,,Suvigya Kumawat,712020:24640fe3-bd21-4cc6-9692-4770d9b78aae,,,,,,,,,,,,0|i001hz:,,,,,,10127,J2-14,Power Platform PPM Solution,In Progress,22/Jun/26 4:01 PM
Status Snapshots page,J2-159,10859,Task,Done,J2,June 2026,software,Akash Kumar,712020:dcf825d3-8faf-42c1-bcf6-83eca8bf1861,Your first project,Medium,,Ravi Paliwal,712020:c5a8fc88-0fa8-40c7-ae48-0c346ce97909,Suvigya Kumawat,712020:24640fe3-bd21-4cc6-9692-4770d9b78aae,Suvigya Kumawat,712020:24640fe3-bd21-4cc6-9692-4770d9b78aae,16/Jun/26 1:15 PM,22/Jun/26 5:52 PM,22/Jun/26 4:00 PM,,,0,,,Suvigya Kumawat,712020:24640fe3-bd21-4cc6-9692-4770d9b78aae,,,,,,,,,,,,0|i001hr:,,,,,,10127,J2-14,Power Platform PPM Solution,In Progress,22/Jun/26 4:00 PM
"Configurations page (system-level settings, entity config, app parameters)Configurations page (system-level settings, entity config, app parameters)",J2-158,10858,Task,Done,J2,June 2026,software,Akash Kumar,712020:dcf825d3-8faf-42c1-bcf6-83eca8bf1861,Your first project,Medium,,Suvigya Kumawat,712020:24640fe3-bd21-4cc6-9692-4770d9b78aae,Suvigya Kumawat,712020:24640fe3-bd21-4cc6-9692-4770d9b78aae,Suvigya Kumawat,712020:24640fe3-bd21-4cc6-9692-4770d9b78aae,16/Jun/26 1:13 PM,22/Jun/26 5:52 PM,22/Jun/26 3:59 PM,,,0,,,Suvigya Kumawat,712020:24640fe3-bd21-4cc6-9692-4770d9b78aae,,,,,,,,,,,,0|i001hj:,,,,,,10127,J2-14,Power Platform PPM Solution,In Progress,22/Jun/26 3:59 PM
Worked on adding security ,J2-157,10825,Task,Done,J2,June 2026,software,Akash Kumar,712020:dcf825d3-8faf-42c1-bcf6-83eca8bf1861,Your first project,Medium,,Suvigya Kumawat,712020:24640fe3-bd21-4cc6-9692-4770d9b78aae,Suvigya Kumawat,712020:24640fe3-bd21-4cc6-9692-4770d9b78aae,Suvigya Kumawat,712020:24640fe3-bd21-4cc6-9692-4770d9b78aae,16/Jun/26 11:30 AM,22/Jun/26 5:52 PM,22/Jun/26 3:56 PM,,,0,,,Suvigya Kumawat,712020:24640fe3-bd21-4cc6-9692-4770d9b78aae,,,,,,,,,,,,0|i000sz:,,,,,,10127,J2-14,Power Platform PPM Solution,In Progress,16/Jun/26 11:31 AM
Timesheet - UI Polish & Cross-Browser Compatibility Testing,J2-146,10686,Task,Done,J2,June 2026,software,Akash Kumar,712020:dcf825d3-8faf-42c1-bcf6-83eca8bf1861,Your first project,Medium,,Ravi Paliwal,712020:c5a8fc88-0fa8-40c7-ae48-0c346ce97909,Ravi Paliwal,712020:c5a8fc88-0fa8-40c7-ae48-0c346ce97909,Ravi Paliwal,712020:c5a8fc88-0fa8-40c7-ae48-0c346ce97909,12/Jun/26 1:11 PM,22/Jun/26 5:52 PM,,,,0,,,Ravi Paliwal,712020:c5a8fc88-0fa8-40c7-ae48-0c346ce97909,,,,,,,,,,,,0|i001f3:,J2 Sprint 1,,,,,10127,J2-14,Power Platform PPM Solution,In Progress,12/Jun/26 1:16 PM
End-to-End Workflow Integration Testing Across All Modules,J2-145,10685,Task,Done,J2,June 2026,software,Akash Kumar,712020:dcf825d3-8faf-42c1-bcf6-83eca8bf1861,Your first project,Medium,,Suvigya Kumawat,712020:24640fe3-bd21-4cc6-9692-4770d9b78aae,Ravi Paliwal,712020:c5a8fc88-0fa8-40c7-ae48-0c346ce97909,Ravi Paliwal,712020:c5a8fc88-0fa8-40c7-ae48-0c346ce97909,12/Jun/26 1:10 PM,22/Jun/26 5:52 PM,,,,0,"Test end-to-end workflow triggers across Timesheets, Pipeline, Budgets, Resources, Change Requests, and Funding Sources. Verify Power Automate flows are called correctly after creation and status transitions (submit/approve/reject). Ensure workflow instances appear in Approval & Tasks tabs. Document any failures.",,Ravi Paliwal,712020:c5a8fc88-0fa8-40c7-ae48-0c346ce97909,,,,,,,,,,,,0|i001ev:,J2 Sprint 1,,,,,10127,J2-14,Power Platform PPM Solution,In Progress,22/Jun/26 5:52 PM
Timesheet - Fix KPI Drafts Subtitle Logic,J2-144,10684,Task,Done,J2,June 2026,software,Akash Kumar,712020:dcf825d3-8faf-42c1-bcf6-83eca8bf1861,Your first project,Medium,,Suvigya Kumawat,712020:24640fe3-bd21-4cc6-9692-4770d9b78aae,Ravi Paliwal,712020:c5a8fc88-0fa8-40c7-ae48-0c346ce97909,Ravi Paliwal,712020:c5a8fc88-0fa8-40c7-ae48-0c346ce97909,12/Jun/26 1:09 PM,22/Jun/26 5:52 PM,,,,0,,,Ravi Paliwal,712020:c5a8fc88-0fa8-40c7-ae48-0c346ce97909,,,,,,,,,,,,0|i001en:,J2 Sprint 1,,,,,10127,J2-14,Power Platform PPM Solution,In Progress,12/Jun/26 1:16 PM
Timesheet - Fix startWorkflowForEntity to Send templateId Param,J2-143,10683,Task,Done,J2,June 2026,software,Akash Kumar,712020:dcf825d3-8faf-42c1-bcf6-83eca8bf1861,Your first project,Medium,,Suvigya Kumawat,712020:24640fe3-bd21-4cc6-9692-4770d9b78aae,Ravi Paliwal,712020:c5a8fc88-0fa8-40c7-ae48-0c346ce97909,Ravi Paliwal,712020:c5a8fc88-0fa8-40c7-ae48-0c346ce97909,12/Jun/26 1:08 PM,22/Jun/26 5:52 PM,,,,0,,,Ravi Paliwal,712020:c5a8fc88-0fa8-40c7-ae48-0c346ce97909,,,,,,,,,,,,0|i001ef:,J2 Sprint 1,,,,,10127,J2-14,Power Platform PPM Solution,In Progress,12/Jun/26 1:16 PM
Timesheet - Fix componentWillReceiveProps Deprecated Warnings,J2-142,10682,Task,Done,J2,June 2026,software,Akash Kumar,712020:dcf825d3-8faf-42c1-bcf6-83eca8bf1861,Your first project,Medium,,Suvigya Kumawat,712020:24640fe3-bd21-4cc6-9692-4770d9b78aae,Ravi Paliwal,712020:c5a8fc88-0fa8-40c7-ae48-0c346ce97909,Ravi Paliwal,712020:c5a8fc88-0fa8-40c7-ae48-0c346ce97909,12/Jun/26 1:08 PM,22/Jun/26 5:52 PM,,,,0,,,Ravi Paliwal,712020:c5a8fc88-0fa8-40c7-ae48-0c346ce97909,,,,,,,,,,,,0|i001e7:,J2 Sprint 1,,,,,10127,J2-14,Power Platform PPM Solution,In Progress,12/Jun/26 1:16 PM
Timesheet - Fix Status Combobox Filter Options,J2-141,10681,Task,Done,J2,June 2026,software,Akash Kumar,712020:dcf825d3-8faf-42c1-bcf6-83eca8bf1861,Your first project,Medium,,Suvigya Kumawat,712020:24640fe3-bd21-4cc6-9692-4770d9b78aae,Ravi Paliwal,712020:c5a8fc88-0fa8-40c7-ae48-0c346ce97909,Ravi Paliwal,712020:c5a8fc88-0fa8-40c7-ae48-0c346ce97909,12/Jun/26 1:07 PM,22/Jun/26 5:52 PM,,,,0,,,Ravi Paliwal,712020:c5a8fc88-0fa8-40c7-ae48-0c346ce97909,,,,,,,,,,,,0|i001dz:,J2 Sprint 1,,,,,10127,J2-14,Power Platform PPM Solution,In Progress,12/Jun/26 1:16 PM
Timesheet - Fix Loading Entries Flash with Zero Tab Count,J2-140,10680,Task,Done,J2,June 2026,software,Akash Kumar,712020:dcf825d3-8faf-42c1-bcf6-83eca8bf1861,Your first project,Medium,,Suvigya Kumawat,712020:24640fe3-bd21-4cc6-9692-4770d9b78aae,Ravi Paliwal,712020:c5a8fc88-0fa8-40c7-ae48-0c346ce97909,Ravi Paliwal,712020:c5a8fc88-0fa8-40c7-ae48-0c346ce97909,12/Jun/26 1:07 PM,22/Jun/26 5:52 PM,,,,0,,,Ravi Paliwal,712020:c5a8fc88-0fa8-40c7-ae48-0c346ce97909,,,,,,,,,,,,0|i001dr:,J2 Sprint 1,,,,,10127,J2-14,Power Platform PPM Solution,In Progress,12/Jun/26 1:16 PM
Timesheet - Fix Empty Approval & Tasks Tabs (missing workflow instances),J2-139,10679,Task,Done,J2,June 2026,software,Akash Kumar,712020:dcf825d3-8faf-42c1-bcf6-83eca8bf1861,Your first project,Medium,,Suvigya Kumawat,712020:24640fe3-bd21-4cc6-9692-4770d9b78aae,Ravi Paliwal,712020:c5a8fc88-0fa8-40c7-ae48-0c346ce97909,Ravi Paliwal,712020:c5a8fc88-0fa8-40c7-ae48-0c346ce97909,12/Jun/26 1:07 PM,22/Jun/26 5:52 PM,,,,0,,,Ravi Paliwal,712020:c5a8fc88-0fa8-40c7-ae48-0c346ce97909,,,,,,,,,,,,0|i001dj:,J2 Sprint 1,,,,,10127,J2-14,Power Platform PPM Solution,In Progress,12/Jun/26 1:16 PM
Timesheet - Fix React createElement Type Error in formRegistry,J2-138,10678,Task,Done,J2,June 2026,software,Akash Kumar,712020:dcf825d3-8faf-42c1-bcf6-83eca8bf1861,Your first project,Medium,,Suvigya Kumawat,712020:24640fe3-bd21-4cc6-9692-4770d9b78aae,Ravi Paliwal,712020:c5a8fc88-0fa8-40c7-ae48-0c346ce97909,Ravi Paliwal,712020:c5a8fc88-0fa8-40c7-ae48-0c346ce97909,12/Jun/26 1:07 PM,22/Jun/26 5:52 PM,,,,0,,,Ravi Paliwal,712020:c5a8fc88-0fa8-40c7-ae48-0c346ce97909,,,,,,,,,,,,0|i001db:,J2 Sprint 1,,,,,10127,J2-14,Power Platform PPM Solution,In Progress,12/Jun/26 1:16 PM
Timesheet - Fix Owner Name Missing in Drawer Header,J2-137,10677,Task,Done,J2,June 2026,software,Akash Kumar,712020:dcf825d3-8faf-42c1-bcf6-83eca8bf1861,Your first project,Medium,,Ravi Paliwal,712020:c5a8fc88-0fa8-40c7-ae48-0c346ce97909,Ravi Paliwal,712020:c5a8fc88-0fa8-40c7-ae48-0c346ce97909,Ravi Paliwal,712020:c5a8fc88-0fa8-40c7-ae48-0c346ce97909,12/Jun/26 1:06 PM,22/Jun/26 5:52 PM,,,,0,,,Ravi Paliwal,712020:c5a8fc88-0fa8-40c7-ae48-0c346ce97909,,,,,,,,,,,,0|i001d3:,J2 Sprint 1,,,,,10127,J2-14,Power Platform PPM Solution,In Progress,12/Jun/26 1:16 PM
Timesheet - Fix New Timesheet Dialog Validation,J2-136,10676,Task,Done,J2,June 2026,software,Akash Kumar,712020:dcf825d3-8faf-42c1-bcf6-83eca8bf1861,Your first project,Medium,,Ravi Paliwal,712020:c5a8fc88-0fa8-40c7-ae48-0c346ce97909,Ravi Paliwal,712020:c5a8fc88-0fa8-40c7-ae48-0c346ce97909,Ravi Paliwal,712020:c5a8fc88-0fa8-40c7-ae48-0c346ce97909,12/Jun/26 1:06 PM,22/Jun/26 5:52 PM,22/Jun/26 4:18 PM,,,0,,,Ravi Paliwal,712020:c5a8fc88-0fa8-40c7-ae48-0c346ce97909,,,,,,,,,,,,0|i001cv:,J2 Sprint 1,,,,,10127,J2-14,Power Platform PPM Solution,In Progress,22/Jun/26 4:18 PM
Timesheet - Fix Reporting Period for Multi-Month Spans,J2-135,10675,Task,Done,J2,June 2026,software,Akash Kumar,712020:dcf825d3-8faf-42c1-bcf6-83eca8bf1861,Your first project,Medium,,Ravi Paliwal,712020:c5a8fc88-0fa8-40c7-ae48-0c346ce97909,Ravi Paliwal,712020:c5a8fc88-0fa8-40c7-ae48-0c346ce97909,Ravi Paliwal,712020:c5a8fc88-0fa8-40c7-ae48-0c346ce97909,12/Jun/26 1:06 PM,22/Jun/26 5:52 PM,,,,0,,,Ravi Paliwal,712020:c5a8fc88-0fa8-40c7-ae48-0c346ce97909,,,,,,,,,,,,0|i001cn:,J2 Sprint 1,,,,,10127,J2-14,Power Platform PPM Solution,In Progress,12/Jun/26 1:16 PM
Timesheet - Fix Submitted By / Approved By Fields,J2-134,10674,Task,Done,J2,June 2026,software,Akash Kumar,712020:dcf825d3-8faf-42c1-bcf6-83eca8bf1861,Your first project,Medium,,Ravi Paliwal,712020:c5a8fc88-0fa8-40c7-ae48-0c346ce97909,Ravi Paliwal,712020:c5a8fc88-0fa8-40c7-ae48-0c346ce97909,Ravi Paliwal,712020:c5a8fc88-0fa8-40c7-ae48-0c346ce97909,12/Jun/26 1:05 PM,22/Jun/26 5:53 PM,22/Jun/26 4:18 PM,,,0,,,Ravi Paliwal,712020:c5a8fc88-0fa8-40c7-ae48-0c346ce97909,,,,,,,,,,,,0|i001cf:,J2 Sprint 1,,,,,10127,J2-14,Power Platform PPM Solution,In Progress,22/Jun/26 4:18 PM
Timesheet - Fix Grid Hours vs Entry Sum Mismatch,J2-133,10673,Task,Done,J2,June 2026,software,Akash Kumar,712020:dcf825d3-8faf-42c1-bcf6-83eca8bf1861,Your first project,Medium,,Ravi Paliwal,712020:c5a8fc88-0fa8-40c7-ae48-0c346ce97909,Ravi Paliwal,712020:c5a8fc88-0fa8-40c7-ae48-0c346ce97909,Ravi Paliwal,712020:c5a8fc88-0fa8-40c7-ae48-0c346ce97909,12/Jun/26 1:05 PM,22/Jun/26 5:53 PM,22/Jun/26 4:17 PM,,,0,,,Ravi Paliwal,712020:c5a8fc88-0fa8-40c7-ae48-0c346ce97909,,,,,,,,,,,,0|i001c7:,J2 Sprint 1,,,,,10127,J2-14,Power Platform PPM Solution,In Progress,22/Jun/26 4:18 PM
Timesheet - Workflow Integration & Core Backend Fixes,J2-132,10672,Task,Done,J2,June 2026,software,Akash Kumar,712020:dcf825d3-8faf-42c1-bcf6-83eca8bf1861,Your first project,Medium,,Ravi Paliwal,712020:c5a8fc88-0fa8-40c7-ae48-0c346ce97909,Ravi Paliwal,712020:c5a8fc88-0fa8-40c7-ae48-0c346ce97909,Ravi Paliwal,712020:c5a8fc88-0fa8-40c7-ae48-0c346ce97909,12/Jun/26 12:59 PM,22/Jun/26 5:53 PM,12/Jun/26 1:25 PM,,,0,Fix workflow trigger for Timesheets module (Power Automate flows deployed with added branches). Fix startWorkflowForEntity templateId handling. Fix ManualTriggerInputtext type (widened to string). Fix updateTimesheetStatus to use real user names. Add pm_totalhours recalculation on entry add/delete. Fix period consistency. Fix React.createElement type error in formRegistry.,,Ravi Paliwal,712020:c5a8fc88-0fa8-40c7-ae48-0c346ce97909,,,,,,,,,,,,0|i001bz:,,,,,,10127,J2-14,Power Platform PPM Solution,In Progress,12/Jun/26 1:16 PM
Workflow Engine In React Discussion and Prototyping,J2-95,10283,Task,Done,J2,June 2026,software,Akash Kumar,712020:dcf825d3-8faf-42c1-bcf6-83eca8bf1861,Your first project,Medium,,,,Ravi Paliwal,712020:c5a8fc88-0fa8-40c7-ae48-0c346ce97909,Ravi Paliwal,712020:c5a8fc88-0fa8-40c7-ae48-0c346ce97909,03/Jun/26 6:41 PM,22/Jun/26 5:53 PM,03/Jun/26 6:41 PM,,,0,,,Ravi Paliwal,712020:c5a8fc88-0fa8-40c7-ae48-0c346ce97909,,,,,,,,,,,,0|i00147:,J2 Sprint 1,,,,,10127,J2-14,Power Platform PPM Solution,In Progress,03/Jun/26 6:41 PM
Security Role Management UI,J2-83,10239,Task,Done,J2,June 2026,software,Akash Kumar,712020:dcf825d3-8faf-42c1-bcf6-83eca8bf1861,Your first project,Medium,,,,Akash Kumar,712020:dcf825d3-8faf-42c1-bcf6-83eca8bf1861,Akash Kumar,712020:dcf825d3-8faf-42c1-bcf6-83eca8bf1861,02/Jun/26 6:27 PM,22/Jun/26 5:53 PM,22/Jun/26 4:08 PM,,,0,,,Akash Kumar,712020:dcf825d3-8faf-42c1-bcf6-83eca8bf1861,,,,,,,,,,,,0|i0011r:,J2 Sprint 1,,,,,10127,J2-14,Power Platform PPM Solution,In Progress,22/Jun/26 4:08 PM
Power BI Export / Embedded Reports,J2-82,10238,Task,Done,J2,June 2026,software,Akash Kumar,712020:dcf825d3-8faf-42c1-bcf6-83eca8bf1861,Your first project,Medium,,,,Akash Kumar,712020:dcf825d3-8faf-42c1-bcf6-83eca8bf1861,Akash Kumar,712020:dcf825d3-8faf-42c1-bcf6-83eca8bf1861,02/Jun/26 6:27 PM,22/Jun/26 5:53 PM,,,,0,,,Akash Kumar,712020:dcf825d3-8faf-42c1-bcf6-83eca8bf1861,,,,,,,,,,,,0|i0011j:,J2 Sprint 1,,,,,10127,J2-14,Power Platform PPM Solution,In Progress,22/Jun/26 5:53 PM
Audit Log Viewer Page,J2-81,10237,Task,Done,J2,June 2026,software,Akash Kumar,712020:dcf825d3-8faf-42c1-bcf6-83eca8bf1861,Your first project,Medium,,,,Akash Kumar,712020:dcf825d3-8faf-42c1-bcf6-83eca8bf1861,Akash Kumar,712020:dcf825d3-8faf-42c1-bcf6-83eca8bf1861,02/Jun/26 6:26 PM,22/Jun/26 5:53 PM,22/Jun/26 4:07 PM,,,0,,,Akash Kumar,712020:dcf825d3-8faf-42c1-bcf6-83eca8bf1861,,,,,,,,,,,,0|i0011b:,J2 Sprint 1,,,,,10127,J2-14,Power Platform PPM Solution,In Progress,22/Jun/26 4:07 PM
Export utility (CSV/Excel),J2-80,10236,Task,Done,J2,June 2026,software,Akash Kumar,712020:dcf825d3-8faf-42c1-bcf6-83eca8bf1861,Your first project,Medium,,Ravi Paliwal,712020:c5a8fc88-0fa8-40c7-ae48-0c346ce97909,Akash Kumar,712020:dcf825d3-8faf-42c1-bcf6-83eca8bf1861,Akash Kumar,712020:dcf825d3-8faf-42c1-bcf6-83eca8bf1861,02/Jun/26 6:26 PM,22/Jun/26 5:53 PM,03/Jun/26 6:41 PM,,,0,,,Akash Kumar,712020:dcf825d3-8faf-42c1-bcf6-83eca8bf1861,,,,,,,,,,,,0|i00113:,J2 Sprint 1,,,,,10127,J2-14,Power Platform PPM Solution,In Progress,12/Jun/26 1:03 PM
Team/User Management page,J2-79,10235,Task,Done,J2,June 2026,software,Akash Kumar,712020:dcf825d3-8faf-42c1-bcf6-83eca8bf1861,Your first project,Medium,,Ravi Paliwal,712020:c5a8fc88-0fa8-40c7-ae48-0c346ce97909,Akash Kumar,712020:dcf825d3-8faf-42c1-bcf6-83eca8bf1861,Akash Kumar,712020:dcf825d3-8faf-42c1-bcf6-83eca8bf1861,02/Jun/26 6:26 PM,22/Jun/26 5:53 PM,,,,0,,,Akash Kumar,712020:dcf825d3-8faf-42c1-bcf6-83eca8bf1861,,,,,,,,,,,,0|i0010v:,J2 Sprint 1,,,,,10127,J2-14,Power Platform PPM Solution,In Progress,02/Jun/26 6:46 PM
Holidays Calendar (Irish public holidays),J2-78,10234,Task,Done,J2,June 2026,software,Akash Kumar,712020:dcf825d3-8faf-42c1-bcf6-83eca8bf1861,Your first project,Medium,,Ravi Paliwal,712020:c5a8fc88-0fa8-40c7-ae48-0c346ce97909,Akash Kumar,712020:dcf825d3-8faf-42c1-bcf6-83eca8bf1861,Akash Kumar,712020:dcf825d3-8faf-42c1-bcf6-83eca8bf1861,02/Jun/26 6:26 PM,22/Jun/26 5:53 PM,,,,0,,,Akash Kumar,712020:dcf825d3-8faf-42c1-bcf6-83eca8bf1861,,,,,,,,,,,,0|i0010n:,J2 Sprint 1,,,,,10127,J2-14,Power Platform PPM Solution,In Progress,02/Jun/26 6:46 PM
Pending Approvals Queue,J2-77,10233,Task,Done,J2,June 2026,software,Akash Kumar,712020:dcf825d3-8faf-42c1-bcf6-83eca8bf1861,Your first project,Medium,,Ravi Paliwal,712020:c5a8fc88-0fa8-40c7-ae48-0c346ce97909,Akash Kumar,712020:dcf825d3-8faf-42c1-bcf6-83eca8bf1861,Akash Kumar,712020:dcf825d3-8faf-42c1-bcf6-83eca8bf1861,02/Jun/26 6:26 PM,22/Jun/26 5:53 PM,22/Jun/26 3:48 PM,,,0,,,Akash Kumar,712020:dcf825d3-8faf-42c1-bcf6-83eca8bf1861,,,,,,,,,,,,0|i0010f:,J2 Sprint 1,,,,,10127,J2-14,Power Platform PPM Solution,In Progress,02/Jun/26 6:46 PM
Workflow Step Config page,J2-76,10232,Task,Done,J2,June 2026,software,Akash Kumar,712020:dcf825d3-8faf-42c1-bcf6-83eca8bf1861,Your first project,Medium,,Suvigya Kumawat,712020:24640fe3-bd21-4cc6-9692-4770d9b78aae,Akash Kumar,712020:dcf825d3-8faf-42c1-bcf6-83eca8bf1861,Akash Kumar,712020:dcf825d3-8faf-42c1-bcf6-83eca8bf1861,02/Jun/26 6:26 PM,22/Jun/26 5:53 PM,22/Jun/26 3:48 PM,,,0,,,Akash Kumar,712020:dcf825d3-8faf-42c1-bcf6-83eca8bf1861,,,,,,,,,,,,0|i00107:,J2 Sprint 1,,,,,10127,J2-14,Power Platform PPM Solution,In Progress,02/Jun/26 6:46 PM
Workflow Edit page,J2-75,10231,Task,Done,J2,June 2026,software,Akash Kumar,712020:dcf825d3-8faf-42c1-bcf6-83eca8bf1861,Your first project,Medium,,Suvigya Kumawat,712020:24640fe3-bd21-4cc6-9692-4770d9b78aae,Akash Kumar,712020:dcf825d3-8faf-42c1-bcf6-83eca8bf1861,Akash Kumar,712020:dcf825d3-8faf-42c1-bcf6-83eca8bf1861,02/Jun/26 6:25 PM,22/Jun/26 5:53 PM,22/Jun/26 3:48 PM,,,0,,,Akash Kumar,712020:dcf825d3-8faf-42c1-bcf6-83eca8bf1861,,,,,,,,,,,,0|i000zz:,J2 Sprint 1,,,,,10127,J2-14,Power Platform PPM Solution,In Progress,02/Jun/26 6:46 PM
Workflow Create page,J2-74,10230,Task,Done,J2,June 2026,software,Akash Kumar,712020:dcf825d3-8faf-42c1-bcf6-83eca8bf1861,Your first project,Medium,,Suvigya Kumawat,712020:24640fe3-bd21-4cc6-9692-4770d9b78aae,Akash Kumar,712020:dcf825d3-8faf-42c1-bcf6-83eca8bf1861,Akash Kumar,712020:dcf825d3-8faf-42c1-bcf6-83eca8bf1861,02/Jun/26 6:25 PM,22/Jun/26 5:53 PM,22/Jun/26 3:47 PM,,,0,,,Akash Kumar,712020:dcf825d3-8faf-42c1-bcf6-83eca8bf1861,,,,,,,,,,,,0|i000zr:,J2 Sprint 1,,,,,10127,J2-14,Power Platform PPM Solution,In Progress,02/Jun/26 6:46 PM
"Workflows page (templates, instances, steps)",J2-73,10229,Task,Done,J2,June 2026,software,Akash Kumar,712020:dcf825d3-8faf-42c1-bcf6-83eca8bf1861,Your first project,Medium,,Ravi Paliwal,712020:c5a8fc88-0fa8-40c7-ae48-0c346ce97909,Akash Kumar,712020:dcf825d3-8faf-42c1-bcf6-83eca8bf1861,Akash Kumar,712020:dcf825d3-8faf-42c1-bcf6-83eca8bf1861,02/Jun/26 6:25 PM,22/Jun/26 5:53 PM,,,,0,,,Akash Kumar,712020:dcf825d3-8faf-42c1-bcf6-83eca8bf1861,,,,,,,,,,,,0|i000zj:,J2 Sprint 1,,,,,10127,J2-14,Power Platform PPM Solution,In Progress,02/Jun/26 6:46 PM
"Timesheets page (approval workflow, entries)	",J2-72,10228,Task,Done,J2,June 2026,software,Akash Kumar,712020:dcf825d3-8faf-42c1-bcf6-83eca8bf1861,Your first project,Medium,,Ravi Paliwal,712020:c5a8fc88-0fa8-40c7-ae48-0c346ce97909,Akash Kumar,712020:dcf825d3-8faf-42c1-bcf6-83eca8bf1861,Akash Kumar,712020:dcf825d3-8faf-42c1-bcf6-83eca8bf1861,02/Jun/26 6:25 PM,22/Jun/26 5:53 PM,,,,0,,,Akash Kumar,712020:dcf825d3-8faf-42c1-bcf6-83eca8bf1861,,,,,,,,,,,,0|i000zb:,J2 Sprint 1,,,,,10127,J2-14,Power Platform PPM Solution,In Progress,02/Jun/26 6:46 PM
"Remaining components (DashboardCharts, DetailDrawer, ExportButton, SummaryCard, TabPanel, Accordion, Breadcrumbs)",J2-71,10227,Task,Done,J2,June 2026,software,Akash Kumar,712020:dcf825d3-8faf-42c1-bcf6-83eca8bf1861,Your first project,Medium,,Ravi Paliwal,712020:c5a8fc88-0fa8-40c7-ae48-0c346ce97909,Akash Kumar,712020:dcf825d3-8faf-42c1-bcf6-83eca8bf1861,Akash Kumar,712020:dcf825d3-8faf-42c1-bcf6-83eca8bf1861,02/Jun/26 6:25 PM,22/Jun/26 5:53 PM,,,,0,,,Akash Kumar,712020:dcf825d3-8faf-42c1-bcf6-83eca8bf1861,,,,,,,,,,,,0|i000z3:,J2 Sprint 1,,,,,10127,J2-14,Power Platform PPM Solution,In Progress,02/Jun/26 6:45 PM
"Benefits page (performance measures, RAG tracking)",J2-70,10226,Task,Done,J2,June 2026,software,Akash Kumar,712020:dcf825d3-8faf-42c1-bcf6-83eca8bf1861,Your first project,Medium,,Ravi Paliwal,712020:c5a8fc88-0fa8-40c7-ae48-0c346ce97909,Akash Kumar,712020:dcf825d3-8faf-42c1-bcf6-83eca8bf1861,Akash Kumar,712020:dcf825d3-8faf-42c1-bcf6-83eca8bf1861,02/Jun/26 6:24 PM,22/Jun/26 5:53 PM,,,,0,,,Akash Kumar,712020:dcf825d3-8faf-42c1-bcf6-83eca8bf1861,,,,,,,,,,,,0|i000yv:,J2 Sprint 1,,,,,10127,J2-14,Power Platform PPM Solution,In Progress,02/Jun/26 6:45 PM
Skills & Mapping page (catalog + resource mapping),J2-69,10225,Task,Done,J2,June 2026,software,Akash Kumar,712020:dcf825d3-8faf-42c1-bcf6-83eca8bf1861,Your first project,Medium,,Suvigya Kumawat,712020:24640fe3-bd21-4cc6-9692-4770d9b78aae,Akash Kumar,712020:dcf825d3-8faf-42c1-bcf6-83eca8bf1861,Akash Kumar,712020:dcf825d3-8faf-42c1-bcf6-83eca8bf1861,02/Jun/26 6:24 PM,22/Jun/26 5:53 PM,,,,0,,,Akash Kumar,712020:dcf825d3-8faf-42c1-bcf6-83eca8bf1861,,,,,,,,,,,,0|i000yn:,J2 Sprint 1,,,,,10127,J2-14,Power Platform PPM Solution,In Progress,02/Jun/26 6:45 PM
"Resources page (CRUD, demand forecasting, charts)",J2-68,10224,Task,Done,J2,June 2026,software,Akash Kumar,712020:dcf825d3-8faf-42c1-bcf6-83eca8bf1861,Your first project,Medium,,Suvigya Kumawat,712020:24640fe3-bd21-4cc6-9692-4770d9b78aae,Akash Kumar,712020:dcf825d3-8faf-42c1-bcf6-83eca8bf1861,Akash Kumar,712020:dcf825d3-8faf-42c1-bcf6-83eca8bf1861,02/Jun/26 6:24 PM,22/Jun/26 5:53 PM,,,,0,,,Akash Kumar,712020:dcf825d3-8faf-42c1-bcf6-83eca8bf1861,,,,,,,,,,,,0|i000yf:,J2 Sprint 1,,,,,10127,J2-14,Power Platform PPM Solution,In Progress,02/Jun/26 6:45 PM
"Approval Requests page (stage/entity filters, decisions)",J2-67,10223,Task,Done,J2,June 2026,software,Akash Kumar,712020:dcf825d3-8faf-42c1-bcf6-83eca8bf1861,Your first project,Medium,,Ravi Paliwal,712020:c5a8fc88-0fa8-40c7-ae48-0c346ce97909,Akash Kumar,712020:dcf825d3-8faf-42c1-bcf6-83eca8bf1861,Akash Kumar,712020:dcf825d3-8faf-42c1-bcf6-83eca8bf1861,02/Jun/26 6:23 PM,22/Jun/26 5:53 PM,22/Jun/26 3:46 PM,,,0,,,Akash Kumar,712020:dcf825d3-8faf-42c1-bcf6-83eca8bf1861,,,,,,,,,,,,0|i000y7:,J2 Sprint 1,,,,,10127,J2-14,Power Platform PPM Solution,In Progress,02/Jun/26 6:45 PM
"Gate Reviews page (review outcomes, conditions)",J2-66,10222,Task,Done,J2,June 2026,software,Akash Kumar,712020:dcf825d3-8faf-42c1-bcf6-83eca8bf1861,Your first project,Medium,,Suvigya Kumawat,712020:24640fe3-bd21-4cc6-9692-4770d9b78aae,Akash Kumar,712020:dcf825d3-8faf-42c1-bcf6-83eca8bf1861,Akash Kumar,712020:dcf825d3-8faf-42c1-bcf6-83eca8bf1861,02/Jun/26 6:23 PM,22/Jun/26 5:53 PM,22/Jun/26 3:46 PM,,,0,,,Akash Kumar,712020:dcf825d3-8faf-42c1-bcf6-83eca8bf1861,,,,,,,,,,,,0|i000xz:,J2 Sprint 1,,,,,10127,J2-14,Power Platform PPM Solution,In Progress,02/Jun/26 6:45 PM
"Change Requests page (cost/schedule impact, lifecycle)",J2-65,10221,Task,Done,J2,June 2026,software,Akash Kumar,712020:dcf825d3-8faf-42c1-bcf6-83eca8bf1861,Your first project,Medium,,Ravi Paliwal,712020:c5a8fc88-0fa8-40c7-ae48-0c346ce97909,Akash Kumar,712020:dcf825d3-8faf-42c1-bcf6-83eca8bf1861,Akash Kumar,712020:dcf825d3-8faf-42c1-bcf6-83eca8bf1861,02/Jun/26 6:23 PM,22/Jun/26 5:53 PM,22/Jun/26 3:45 PM,,,0,,,Akash Kumar,712020:dcf825d3-8faf-42c1-bcf6-83eca8bf1861,,,,,,,,,,,,0|i000xr:,J2 Sprint 1,,,,,10127,J2-14,Power Platform PPM Solution,In Progress,02/Jun/26 6:45 PM
"Issues page (CRUD, escalation, priority filters)",J2-64,10220,Task,Done,J2,June 2026,software,Akash Kumar,712020:dcf825d3-8faf-42c1-bcf6-83eca8bf1861,Your first project,Medium,,Suvigya Kumawat,712020:24640fe3-bd21-4cc6-9692-4770d9b78aae,Akash Kumar,712020:dcf825d3-8faf-42c1-bcf6-83eca8bf1861,Akash Kumar,712020:dcf825d3-8faf-42c1-bcf6-83eca8bf1861,02/Jun/26 6:23 PM,22/Jun/26 5:53 PM,,,,0,,,Akash Kumar,712020:dcf825d3-8faf-42c1-bcf6-83eca8bf1861,,,,,,,,,,,,0|i000xj:,J2 Sprint 1,,,,,10127,J2-14,Power Platform PPM Solution,In Progress,02/Jun/26 6:44 PM
"Risks page (heatmap matrix, severity distribution, mitigation)",J2-63,10219,Task,Done,J2,June 2026,software,Akash Kumar,712020:dcf825d3-8faf-42c1-bcf6-83eca8bf1861,Your first project,Medium,,Ravi Paliwal,712020:c5a8fc88-0fa8-40c7-ae48-0c346ce97909,Akash Kumar,712020:dcf825d3-8faf-42c1-bcf6-83eca8bf1861,Akash Kumar,712020:dcf825d3-8faf-42c1-bcf6-83eca8bf1861,02/Jun/26 6:23 PM,22/Jun/26 5:53 PM,,,,0,,,Akash Kumar,712020:dcf825d3-8faf-42c1-bcf6-83eca8bf1861,,,,,,,,,,,,0|i000xb:,J2 Sprint 1,,,,,10127,J2-14,Power Platform PPM Solution,In Progress,02/Jun/26 6:44 PM
"4 additional components (Button, Dialog, TableShell, TableFooter)	",J2-62,10218,Task,Done,J2,June 2026,software,Akash Kumar,712020:dcf825d3-8faf-42c1-bcf6-83eca8bf1861,Your first project,Medium,,Ravi Paliwal,712020:c5a8fc88-0fa8-40c7-ae48-0c346ce97909,Akash Kumar,712020:dcf825d3-8faf-42c1-bcf6-83eca8bf1861,Akash Kumar,712020:dcf825d3-8faf-42c1-bcf6-83eca8bf1861,02/Jun/26 6:22 PM,22/Jun/26 5:53 PM,,,,0,,,Akash Kumar,712020:dcf825d3-8faf-42c1-bcf6-83eca8bf1861,,,,,,,,,,,,0|i000x3:,J2 Sprint 1,,,,,10127,J2-14,Power Platform PPM Solution,In Progress,02/Jun/26 6:44 PM
VarianceDisplay + HealthSplitBar components,J2-61,10217,Task,Done,J2,June 2026,software,Akash Kumar,712020:dcf825d3-8faf-42c1-bcf6-83eca8bf1861,Your first project,Medium,,Suvigya Kumawat,712020:24640fe3-bd21-4cc6-9692-4770d9b78aae,Akash Kumar,712020:dcf825d3-8faf-42c1-bcf6-83eca8bf1861,Akash Kumar,712020:dcf825d3-8faf-42c1-bcf6-83eca8bf1861,02/Jun/26 6:22 PM,22/Jun/26 5:53 PM,,,,0,,,Akash Kumar,712020:dcf825d3-8faf-42c1-bcf6-83eca8bf1861,,,,,,,,,,,,0|i000wv:,J2 Sprint 1,,,,,10127,J2-14,Power Platform PPM Solution,In Progress,02/Jun/26 6:44 PM
GanttChart component,J2-60,10216,Task,Done,J2,June 2026,software,Akash Kumar,712020:dcf825d3-8faf-42c1-bcf6-83eca8bf1861,Your first project,Medium,,Suvigya Kumawat,712020:24640fe3-bd21-4cc6-9692-4770d9b78aae,Akash Kumar,712020:dcf825d3-8faf-42c1-bcf6-83eca8bf1861,Akash Kumar,712020:dcf825d3-8faf-42c1-bcf6-83eca8bf1861,02/Jun/26 6:22 PM,22/Jun/26 5:53 PM,,,,0,,,Akash Kumar,712020:dcf825d3-8faf-42c1-bcf6-83eca8bf1861,,,,,,,,,,,,0|i000wn:,J2 Sprint 1,,,,,10127,J2-14,Power Platform PPM Solution,In Progress,02/Jun/26 6:44 PM
"Schedule page (WBS, Gantt chart, milestones, tasks)",J2-59,10215,Task,Done,J2,June 2026,software,Akash Kumar,712020:dcf825d3-8faf-42c1-bcf6-83eca8bf1861,Your first project,Medium,,Suvigya Kumawat,712020:24640fe3-bd21-4cc6-9692-4770d9b78aae,Akash Kumar,712020:dcf825d3-8faf-42c1-bcf6-83eca8bf1861,Akash Kumar,712020:dcf825d3-8faf-42c1-bcf6-83eca8bf1861,02/Jun/26 6:22 PM,22/Jun/26 5:53 PM,,,,0,,,Akash Kumar,712020:dcf825d3-8faf-42c1-bcf6-83eca8bf1861,,,,,,,,,,,,0|i000wf:,J2 Sprint 1,,,,,10127,J2-14,Power Platform PPM Solution,In Progress,02/Jun/26 6:44 PM
"Funding Sources page (allocation tracking, utilization)",J2-58,10214,Task,Done,J2,June 2026,software,Akash Kumar,712020:dcf825d3-8faf-42c1-bcf6-83eca8bf1861,Your first project,Medium,,Ravi Paliwal,712020:c5a8fc88-0fa8-40c7-ae48-0c346ce97909,Akash Kumar,712020:dcf825d3-8faf-42c1-bcf6-83eca8bf1861,Akash Kumar,712020:dcf825d3-8faf-42c1-bcf6-83eca8bf1861,02/Jun/26 6:22 PM,22/Jun/26 5:53 PM,,,,0,,,Akash Kumar,712020:dcf825d3-8faf-42c1-bcf6-83eca8bf1861,,,,,,,,,,,,0|i000w7:,J2 Sprint 1,,,,,10127,J2-14,Power Platform PPM Solution,In Progress,02/Jun/26 6:44 PM
"Cashflow page (inflow/outflow, fiscal periods)",J2-57,10213,Task,Done,J2,June 2026,software,Akash Kumar,712020:dcf825d3-8faf-42c1-bcf6-83eca8bf1861,Your first project,Medium,,Ravi Paliwal,712020:c5a8fc88-0fa8-40c7-ae48-0c346ce97909,Akash Kumar,712020:dcf825d3-8faf-42c1-bcf6-83eca8bf1861,Akash Kumar,712020:dcf825d3-8faf-42c1-bcf6-83eca8bf1861,02/Jun/26 6:22 PM,22/Jun/26 5:53 PM,,,,0,,,Akash Kumar,712020:dcf825d3-8faf-42c1-bcf6-83eca8bf1861,,,,,,,,,,,,0|i000vz:,J2 Sprint 1,,,,,10127,J2-14,Power Platform PPM Solution,In Progress,02/Jun/26 6:44 PM
"Budgets page (variance, committed/forecast tracking)",J2-56,10212,Task,Done,J2,June 2026,software,Akash Kumar,712020:dcf825d3-8faf-42c1-bcf6-83eca8bf1861,Your first project,Medium,,Ravi Paliwal,712020:c5a8fc88-0fa8-40c7-ae48-0c346ce97909,Akash Kumar,712020:dcf825d3-8faf-42c1-bcf6-83eca8bf1861,Akash Kumar,712020:dcf825d3-8faf-42c1-bcf6-83eca8bf1861,02/Jun/26 6:22 PM,22/Jun/26 5:53 PM,,,,0,,,Akash Kumar,712020:dcf825d3-8faf-42c1-bcf6-83eca8bf1861,,,,,,,,,,,,0|i000vr:,J2 Sprint 1,,,,,10127,J2-14,Power Platform PPM Solution,In Progress,02/Jun/26 6:44 PM
"Pipeline/Initiatives page (stages, approvals)",J2-55,10211,Task,Done,J2,June 2026,software,Akash Kumar,712020:dcf825d3-8faf-42c1-bcf6-83eca8bf1861,Your first project,Medium,,Suvigya Kumawat,712020:24640fe3-bd21-4cc6-9692-4770d9b78aae,Akash Kumar,712020:dcf825d3-8faf-42c1-bcf6-83eca8bf1861,Akash Kumar,712020:dcf825d3-8faf-42c1-bcf6-83eca8bf1861,02/Jun/26 6:21 PM,22/Jun/26 5:53 PM,,,,0,,,Akash Kumar,712020:dcf825d3-8faf-42c1-bcf6-83eca8bf1861,,,,,,,,,,,,0|i000vj:,J2 Sprint 1,,,,,10127,J2-14,Power Platform PPM Solution,In Progress,02/Jun/26 6:44 PM
Projects page (360° view with 7 sub-entity tabs),J2-54,10210,Task,Done,J2,June 2026,software,Akash Kumar,712020:dcf825d3-8faf-42c1-bcf6-83eca8bf1861,Your first project,Medium,,Ravi Paliwal,712020:c5a8fc88-0fa8-40c7-ae48-0c346ce97909,Akash Kumar,712020:dcf825d3-8faf-42c1-bcf6-83eca8bf1861,Akash Kumar,712020:dcf825d3-8faf-42c1-bcf6-83eca8bf1861,02/Jun/26 6:21 PM,22/Jun/26 5:53 PM,03/Jun/26 6:40 PM,,,0,,,Akash Kumar,712020:dcf825d3-8faf-42c1-bcf6-83eca8bf1861,,,,,,,,,,,,0|i000vb:,J2 Sprint 1,,,,,10127,J2-14,Power Platform PPM Solution,In Progress,02/Jun/26 6:44 PM
"Programmes page (list, detail, risk/issue tabs)",J2-53,10209,Task,Done,J2,June 2026,software,Akash Kumar,712020:dcf825d3-8faf-42c1-bcf6-83eca8bf1861,Your first project,Medium,,Suvigya Kumawat,712020:24640fe3-bd21-4cc6-9692-4770d9b78aae,Akash Kumar,712020:dcf825d3-8faf-42c1-bcf6-83eca8bf1861,Akash Kumar,712020:dcf825d3-8faf-42c1-bcf6-83eca8bf1861,02/Jun/26 6:21 PM,22/Jun/26 5:53 PM,,,,0,,,Akash Kumar,712020:dcf825d3-8faf-42c1-bcf6-83eca8bf1861,,,,,,,,,,,,0|i000v3:,J2 Sprint 1,,,,,10127,J2-14,Power Platform PPM Solution,In Progress,02/Jun/26 6:43 PM
"Portfolios page (CRUD, detail drawer, hierarchy)",J2-52,10208,Task,Done,J2,June 2026,software,Akash Kumar,712020:dcf825d3-8faf-42c1-bcf6-83eca8bf1861,Your first project,Medium,,Ravi Paliwal,712020:c5a8fc88-0fa8-40c7-ae48-0c346ce97909,Akash Kumar,712020:dcf825d3-8faf-42c1-bcf6-83eca8bf1861,Akash Kumar,712020:dcf825d3-8faf-42c1-bcf6-83eca8bf1861,02/Jun/26 6:21 PM,22/Jun/26 5:53 PM,,,,0,,,Akash Kumar,712020:dcf825d3-8faf-42c1-bcf6-83eca8bf1861,,,,,,,,,,,,0|i000uv:,J2 Sprint 1,,,,,10127,J2-14,Power Platform PPM Solution,In Progress,02/Jun/26 6:43 PM
"Dashboard page (KPIs, charts, alerts, action center)",J2-51,10207,Task,Done,J2,June 2026,software,Akash Kumar,712020:dcf825d3-8faf-42c1-bcf6-83eca8bf1861,Your first project,Medium,,Suvigya Kumawat,712020:24640fe3-bd21-4cc6-9692-4770d9b78aae,Akash Kumar,712020:dcf825d3-8faf-42c1-bcf6-83eca8bf1861,Akash Kumar,712020:dcf825d3-8faf-42c1-bcf6-83eca8bf1861,02/Jun/26 6:21 PM,22/Jun/26 5:53 PM,,,,0,,,Akash Kumar,712020:dcf825d3-8faf-42c1-bcf6-83eca8bf1861,,,,,,,,,,,,0|i000un:,J2 Sprint 1,,,,,10127,J2-14,Power Platform PPM Solution,In Progress,02/Jun/26 6:43 PM
Route mapping for all pages,J2-50,10206,Task,Done,J2,June 2026,software,Akash Kumar,712020:dcf825d3-8faf-42c1-bcf6-83eca8bf1861,Your first project,Medium,,Suvigya Kumawat,712020:24640fe3-bd21-4cc6-9692-4770d9b78aae,Akash Kumar,712020:dcf825d3-8faf-42c1-bcf6-83eca8bf1861,Akash Kumar,712020:dcf825d3-8faf-42c1-bcf6-83eca8bf1861,02/Jun/26 6:21 PM,22/Jun/26 5:53 PM,,,,0,,,Akash Kumar,712020:dcf825d3-8faf-42c1-bcf6-83eca8bf1861,,,,,,,,,,,,0|i000uf:,J2 Sprint 1,,,,,10127,J2-14,Power Platform PPM Solution,In Progress,02/Jun/26 6:43 PM
Primary shell layout (sidebar + top bar),J2-49,10205,Task,Done,J2,June 2026,software,Akash Kumar,712020:dcf825d3-8faf-42c1-bcf6-83eca8bf1861,Your first project,Medium,,Suvigya Kumawat,712020:24640fe3-bd21-4cc6-9692-4770d9b78aae,Akash Kumar,712020:dcf825d3-8faf-42c1-bcf6-83eca8bf1861,Akash Kumar,712020:dcf825d3-8faf-42c1-bcf6-83eca8bf1861,02/Jun/26 6:20 PM,22/Jun/26 5:54 PM,,,,0,,,Akash Kumar,712020:dcf825d3-8faf-42c1-bcf6-83eca8bf1861,,,,,,,,,,,,0|i000u7:,J2 Sprint 1,,,,,10127,J2-14,Power Platform PPM Solution,In Progress,02/Jun/26 6:43 PM
User context & authentication wiring,J2-48,10204,Task,Done,J2,June 2026,software,Akash Kumar,712020:dcf825d3-8faf-42c1-bcf6-83eca8bf1861,Your first project,Medium,,Ravi Paliwal,712020:c5a8fc88-0fa8-40c7-ae48-0c346ce97909,Akash Kumar,712020:dcf825d3-8faf-42c1-bcf6-83eca8bf1861,Akash Kumar,712020:dcf825d3-8faf-42c1-bcf6-83eca8bf1861,02/Jun/26 6:20 PM,22/Jun/26 5:54 PM,,,,0,,,Akash Kumar,712020:dcf825d3-8faf-42c1-bcf6-83eca8bf1861,,,,,,,,,,,,0|i000tz:,J2 Sprint 1,,,,,10127,J2-14,Power Platform PPM Solution,In Progress,02/Jun/26 6:43 PM
Generated all 36 CRUD services,J2-47,10203,Task,Done,J2,June 2026,software,Akash Kumar,712020:dcf825d3-8faf-42c1-bcf6-83eca8bf1861,Your first project,Medium,,Ravi Paliwal,712020:c5a8fc88-0fa8-40c7-ae48-0c346ce97909,Akash Kumar,712020:dcf825d3-8faf-42c1-bcf6-83eca8bf1861,Akash Kumar,712020:dcf825d3-8faf-42c1-bcf6-83eca8bf1861,02/Jun/26 6:20 PM,22/Jun/26 5:54 PM,22/Jun/26 3:40 PM,,,0,,,Akash Kumar,712020:dcf825d3-8faf-42c1-bcf6-83eca8bf1861,,,,,,,,,,,,0|i000tr:,J2 Sprint 1,,,,,10127,J2-14,Power Platform PPM Solution,In Progress,02/Jun/26 6:43 PM
Generated all 36 entity models,J2-46,10202,Task,Done,J2,June 2026,software,Akash Kumar,712020:dcf825d3-8faf-42c1-bcf6-83eca8bf1861,Your first project,Medium,,Ravi Paliwal,712020:c5a8fc88-0fa8-40c7-ae48-0c346ce97909,Akash Kumar,712020:dcf825d3-8faf-42c1-bcf6-83eca8bf1861,Akash Kumar,712020:dcf825d3-8faf-42c1-bcf6-83eca8bf1861,02/Jun/26 6:20 PM,22/Jun/26 5:54 PM,22/Jun/26 3:39 PM,,,0,,,Akash Kumar,712020:dcf825d3-8faf-42c1-bcf6-83eca8bf1861,,,,,,,,,,,,0|i000tj:,J2 Sprint 1,,,,,10127,J2-14,Power Platform PPM Solution,In Progress,02/Jun/26 6:43 PM
Dataverse client setup & API integration,J2-45,10201,Task,Done,J2,June 2026,software,Akash Kumar,712020:dcf825d3-8faf-42c1-bcf6-83eca8bf1861,Your first project,Medium,,Suvigya Kumawat,712020:24640fe3-bd21-4cc6-9692-4770d9b78aae,Akash Kumar,712020:dcf825d3-8faf-42c1-bcf6-83eca8bf1861,Akash Kumar,712020:dcf825d3-8faf-42c1-bcf6-83eca8bf1861,02/Jun/26 6:19 PM,22/Jun/26 5:54 PM,,,,0,,,Akash Kumar,712020:dcf825d3-8faf-42c1-bcf6-83eca8bf1861,,,,,,,,,,,,0|i000tb:,J2 Sprint 1,,,,,10127,J2-14,Power Platform PPM Solution,In Progress,02/Jun/26 6:43 PM
Project scaffolding (Vite + React 19 + MUI v9),J2-44,10200,Task,Done,J2,June 2026,software,Akash Kumar,712020:dcf825d3-8faf-42c1-bcf6-83eca8bf1861,Your first project,Medium,,Suvigya Kumawat,712020:24640fe3-bd21-4cc6-9692-4770d9b78aae,Akash Kumar,712020:dcf825d3-8faf-42c1-bcf6-83eca8bf1861,Akash Kumar,712020:dcf825d3-8faf-42c1-bcf6-83eca8bf1861,02/Jun/26 6:19 PM,22/Jun/26 5:54 PM,,,,0,,,Akash Kumar,712020:dcf825d3-8faf-42c1-bcf6-83eca8bf1861,,,,,,,,,,,,0|i000t3:,J2 Sprint 1,,,,,10127,J2-14,Power Platform PPM Solution,In Progress,02/Jun/26 6:43 PM
